date,facebook_likes,twitter_followers,reddit_average_posts_48h,reddit_average_comments_48h,reddit_subscribers,reddit_accounts_active_48h,alexa_rank,bing_matches,forks,stars,subscribers,total_issues,closed_issues,pull_requests_merged,pull_request_contributors,commit_count_4_weeks
2015-01-02,,74420,2.367,161.408,147021,706.0,,,4542,6277,817,1807,1495,2511,249,210
2015-01-03,,74504,2.204,190.429,147158,801.0,,,4545,6280,817,1808,1496,2515,249,225
2015-01-04,,74609,2.224,219.041,147296,942.0,,,4549,6284,816,1809,1496,2515,249,221
2015-01-05,,74719,2.271,244.25,147458,1085.0,,,4553,6287,817,1810,1499,2519,249,226
2015-01-06,,74861,2.234,259.298,147617,1035.0,,,4556,6291,818,1810,1499,2523,249,227
2015-01-07,,74963,2.188,253.542,147709,946.0,,,4559,6298,818,1813,1501,2526,249,229
2015-01-08,,75076,2.224,240.306,147819,918.0,,,4561,6306,819,1813,1501,2532,249,244
2015-01-09,,75165,2.408,229.959,147939,920.0,,,4565,6313,820,1816,1504,2537,249,243
2015-01-10,,75243,2.286,194.184,148014,822.0,,,4567,6312,821,1820,1513,2538,249,250
2015-01-11,,75339,2.229,196.458,148145,733.0,,,4571,6320,822,1822,1515,2538,249,251
2015-01-12,,75437,2.354,230.25,148217,789.0,,,4573,6328,819,1823,1516,2541,249,260
2015-01-13,,75548,2.286,260.878,148337,1044.0,,,4577,6333,822,1827,1517,2542,249,252
2015-01-14,,75655,2.367,330.531,148586,1455.0,,,4578,6338,825,1828,1518,2543,249,246
2015-01-15,,75771,2.271,363.833,148843,1544.0,,,4578,6341,825,1833,1519,2548,249,259
2015-01-16,,75885,2.104,295.688,148992,1297.0,,,4584,6344,823,1837,1523,2550,249,260
2015-01-17,,75965,2.188,223.958,149081,972.0,,,4587,6347,824,1837,1523,2550,249,246
2015-01-18,,76023,2.333,185.25,149198,791.0,,,4590,6349,824,1837,1523,2550,249,242
2015-01-19,,76110,2.313,189.313,149332,779.0,,,4590,6354,829,1838,1523,2550,249,241
2015-01-20,,76197,2.313,189.854,149428,806.0,,,4593,6357,829,1841,1525,2552,249,239
2015-01-21,,76252,2.184,196.388,149517,808.0,,,4482,6360,831,1842,1527,2555,249,224
2015-01-22,,76342,2.188,199.875,149625,836.0,,,4482,6368,830,1844,1529,2556,249,225
2015-01-23,,76438,2.25,183.083,149739,833.0,,,4483,6372,832,1845,1530,2556,249,223
2015-01-24,,76503,2.229,175.458,149838,754.0,,,4493,6380,836,1847,1530,2557,250,217
2015-01-25,,76588,2.204,179.816,149992,762.0,,,4496,6382,833,1847,1531,2558,250,208
2015-01-26,,76705,2.224,206.184,150322,1111.0,,,4494,6386,833,1847,1531,2558,250,201
2015-01-27,,76871,2.271,220.188,150506,1203.0,,,4494,6389,834,1850,1532,2563,250,213
2015-01-29,,77097,2.188,224.563,150763,870.0,,,4503,6394,834,1851,1533,2565,250,195
2015-01-30,,77193,2.146,188.208,150862,890.0,,,4508,6398,835,1851,1533,2566,250,189
2015-01-31,,77251,2.02,188.327,150926,805.0,,,4514,6401,835,1855,1534,2566,250,176
2015-02-01,,77311,1.837,186.265,150996,724.0,,,4514,6401,834,1855,1534,2567,251,177
2015-02-02,,77392,1.917,194.188,151091,735.0,,,4523,6409,836,1855,1534,2567,251,168
2015-02-03,,77469,2.167,221.208,151204,792.0,,,4526,6415,834,1859,1536,2575,251,183
2015-02-04,,77518,2.208,242.625,151322,839.0,,,4526,6418,837,1861,1537,2577,252,181
2015-02-05,,77588,2.02,221.673,151444,841.0,,,4526,6419,836,1863,1539,2579,252,178
2015-02-06,,77687,2.122,211.306,151537,768.0,,,4530,6426,839,1864,1541,2580,252,170
2015-02-07,,77752,2.229,194.313,151644,673.0,,,4533,6428,839,1865,1542,2581,252,156
2015-02-08,,77812,2.061,160.898,151723,711.0,,,4536,6430,839,1866,1544,2581,252,155
2015-02-09,,77905,2.25,194.063,151777,752.0,,,4539,6439,836,1866,1544,2584,252,147
2015-02-10,,77998,2.229,217.188,151876,757.0,,,4540,6440,835,1869,1545,2590,253,147
2015-02-11,,78079,2.104,186.583,151981,822.0,,,4538,6444,834,1872,1545,2591,253,147
2015-02-12,,78153,2.122,158.98,152178,787.0,,,4540,6446,836,1872,1545,2591,253,132
2015-02-13,,78207,2.167,164.083,152347,725.0,,,4541,6450,835,1873,1547,2593,253,132
2015-02-14,,78263,2.102,160.633,152500,701.0,,,4547,6457,835,1874,1547,2595,254,132
2015-02-15,,78323,1.98,148.388,152641,700.0,,,4552,6458,836,1875,1547,2595,254,131
2015-02-16,,78390,2.042,168.292,152856,770.0,,,4555,6459,836,1876,1546,2595,254,133
2015-02-17,,78446,2.122,184.143,152996,773.0,,,4559,6464,836,1879,1547,2597,254,129
2015-02-18,,78535,2.102,185.551,153173,722.0,,,4566,6471,842,1880,1547,2598,254,126
2015-02-19,,78577,2.255,172.979,153370,710.0,,,4569,6478,841,1881,1558,2600,254,130
2015-02-20,,78699,2.208,158.938,153606,718.0,,,4573,6484,841,1883,1558,2602,254,136
2015-02-21,,78788,2.061,185.531,153761,695.0,,,4572,6490,839,1884,1559,2602,254,133
2015-02-22,,78885,2.188,195.313,153837,712.0,,,4574,6493,841,1885,1560,2602,254,132
2015-02-23,,78962,2.229,179.938,153927,735.0,,,4581,6496,842,1886,1560,2602,254,130
2015-02-24,,79020,2.143,176.796,154053,724.0,,,4583,6500,842,1886,1560,2603,254,124
2015-02-25,,79113,2.184,202.694,154172,724.0,,,4587,6504,845,1890,1561,2603,254,122
2015-02-26,,79169,2.163,176.408,154291,687.0,,,4586,6513,846,1890,1562,2606,254,125
2015-02-27,,79248,2.188,139.625,154385,698.0,,,4586,6527,849,1890,1562,2608,254,126
2015-02-28,,79330,2.184,148.204,154455,707.0,,,4591,6536,853,1891,1562,2608,254,125
2015-03-01,,79389,2.447,159.128,154567,663.0,,,4595,6538,852,1892,1562,2608,254,112
2015-03-02,,79443,2.553,159.213,154648,712.0,,,4599,6539,852,1894,1563,2609,254,103
2015-03-03,,79487,2.188,156.313,154754,770.0,,,4600,6549,853,1896,1563,2609,254,88
2015-03-04,,79581,2.063,140.854,154870,754.0,,,4600,6556,853,1896,1563,2612,254,90
2015-03-05,,79642,2.208,151.354,155067,720.0,,,4603,6559,852,1896,1563,2612,254,79
2015-03-06,,79697,2.313,157.583,155189,718.0,,,4602,6563,852,1898,1563,2614,255,76
2015-03-07,,79770,2.438,171.958,155275,700.0,,,4606,6571,850,1898,1563,2616,255,89
2015-03-08,,79829,2.271,223.333,155392,657.0,,,4611,6574,853,1902,1564,2616,255,92
2015-03-09,,79876,2.061,197.51,155538,710.0,,,4610,6585,858,1902,1567,2620,255,96
2015-03-10,,79932,2.061,170.592,155685,781.0,,,4614,6589,857,1904,1567,2621,255,93
2015-03-11,,80021,2.146,213.375,155797,755.0,,,4614,6591,861,1904,1568,2623,256,93
2015-03-12,,80071,2.184,190.449,156007,720.0,,,4618,6593,860,1906,1570,2626,256,101
2015-03-13,,80148,2.143,168.286,156249,704.0,,,4623,6597,861,1907,1570,2628,256,104
2015-03-14,,80250,2.184,169.143,156458,659.0,,,4631,6604,862,1910,1571,2628,256,100
2015-03-15,,80296,2.229,140.354,156645,622.0,,,4640,6609,863,1913,1572,2628,256,100
2015-03-16,,80362,2.313,125.146,156870,648.0,,,4644,6620,864,1916,1575,2628,256,98
2015-03-17,,80410,2.383,170.851,157127,688.0,,,4650,6631,864,1919,1577,2633,257,108
2015-03-18,,80501,0.0,0.0,157403,771.0,,,4655,6637,865,1922,1579,2634,257,112
2015-03-19,,80586,0.0,0.0,157551,845.0,,,4663,6641,869,1922,1579,2635,257,111
2015-03-20,,80663,2.146,179.188,157820,754.0,,,4666,6645,866,1923,1581,2635,257,104
2015-03-21,,80717,2.149,154.66,158078,638.0,,,4667,6653,867,1924,1581,2636,257,110
2015-03-22,,80765,2.333,142.792,158331,605.0,,,4672,6655,867,1924,1581,2636,257,109
2015-03-23,,80835,2.417,143.0,158550,644.0,,,4672,6662,868,1925,1581,2636,257,109
2015-03-24,,80908,2.122,161.776,158799,689.0,,,4674,6665,867,1925,1583,2638,257,106
2015-03-25,,80976,2.163,173.531,159043,684.0,,,4678,6672,866,1926,1584,2640,257,119
2015-03-26,,81042,2.313,157.417,159217,676.0,,,4680,6679,866,1926,1584,2643,258,120
2015-03-27,,81099,2.255,154.34,159286,656.0,,,4684,6680,866,1926,1584,2643,258,116
2015-03-28,,81146,2.255,156.426,159469,623.0,,,4688,6673,869,1926,1584,2643,258,118
2015-03-29,,81200,2.104,138.063,159653,619.0,,,4687,6674,868,1926,1584,2643,258,118
2015-03-30,,81274,2.143,150.633,159877,700.0,,,4689,6676,865,1926,1585,2644,258,120
2015-03-31,,81340,2.041,181.857,160030,789.0,,,4687,6680,864,1928,1586,2646,258,122
2015-04-01,,81409,2.146,205.833,160126,824.0,,,4687,6686,866,1928,1586,2649,259,124
2015-04-02,,81465,2.163,196.367,160335,852.0,,,4687,6692,867,1929,1587,2652,259,145
2015-04-03,,81521,2.061,187.551,160603,1048.0,,,4691,6697,869,1929,1587,2653,260,143
2015-04-04,,81603,2.042,173.625,160798,975.0,,,4690,6704,869,1929,1587,2653,260,125
2015-04-05,,81646,2.109,158.391,160935,687.0,,,4695,6708,871,1929,1587,2653,260,124
2015-04-06,,,2.543,161.957,161080,666.0,,,4700,6714,873,1930,1587,2654,260,122
2015-04-07,,,2.563,171.167,161242,700.0,,,4701,6719,870,1932,1587,2654,260,116
2015-04-08,,,2.122,194.878,161406,782.0,,,4701,6722,871,1933,1589,2661,261,127
2015-04-09,,,2.204,208.204,161629,791.0,,,4704,6725,870,1935,1589,2661,261,122
2015-04-10,,,2.306,189.122,161829,707.0,,,4705,6725,869,1935,1589,2663,261,118
2015-04-11,,,2.109,157.391,162067,647.0,,,4706,6731,871,1936,1590,2663,261,115
2015-04-12,,,2.543,132.891,162242,588.0,,,4710,6735,871,1937,1590,2663,261,115
2015-04-13,,,2.604,124.958,162425,618.0,,,4713,6742,871,1937,1590,2665,261,119
2015-04-14,,,2.167,136.333,162592,707.0,,,4717,6745,871,1937,1590,2666,261,113
2015-04-15,,,2.184,171.245,162689,727.0,,,4720,6744,871,1939,1590,2669,261,119
2015-04-16,,,2.245,175.286,162746,668.0,,,4721,6746,874,1941,1590,2671,261,128
2015-04-17,,,2.163,157.633,162818,613.0,,,4723,6752,874,1942,1591,2671,261,128
2015-04-18,,,2.167,153.354,163048,583.0,,,4724,6755,875,1942,1592,2671,261,122
2015-04-19,,,2.125,141.792,163201,582.0,,,4726,6759,876,1943,1592,2671,261,118
2015-04-20,,82399,2.208,149.042,163446,609.0,,,4730,6762,877,1944,1592,2672,261,119
2015-04-21,,82466,2.25,162.0,163695,629.0,,,4736,6763,877,1945,1594,2676,261,142
2015-04-22,,82564,2.313,171.771,163998,647.0,,,4741,6766,878,1947,1595,2676,261,130
2015-04-23,,82623,2.396,169.021,164102,624.0,,,4744,6767,877,1948,1595,2676,261,121
2015-04-24,,82691,2.449,163.898,164206,597.0,,,4746,6772,877,1949,1595,2679,261,123
2015-04-25,,82723,2.204,162.163,164251,566.0,,,4745,6775,875,1949,1595,2682,261,126
2015-04-26,,82758,2.085,165.574,164325,594.0,,,4747,6776,878,1949,1595,2682,261,124
2015-04-27,,82782,2.37,177.13,164402,656.0,,,4746,6780,875,1952,1595,2682,261,123
2015-04-28,,82842,2.417,161.938,164446,652.0,,,4746,6787,873,1953,1595,2683,261,131
2015-04-29,,82883,2.313,171.938,164520,632.0,,,4750,6793,874,1954,1596,2688,262,139
2015-04-30,,82932,2.188,164.521,164566,681.0,,,4753,6798,874,1956,1597,2692,262,127
2015-05-01,,82996,2.041,138.061,164584,675.0,,,4759,6801,874,1960,1598,2695,262,134
2015-05-02,,83053,2.021,148.479,164618,578.0,,,4766,6803,877,1961,1600,2696,262,140
2015-05-03,,83081,2.0,130.878,164671,564.0,,,4768,6805,878,1962,1600,2696,262,139
2015-05-04,,83148,2.208,137.188,164711,615.0,,,4767,6811,878,1963,1602,2701,263,150
2015-05-05,,83194,2.188,196.833,164758,681.0,,,4771,6814,876,1964,1604,2703,263,163
2015-05-06,,83251,2.188,246.208,164805,677.0,,,,,,,,2707,263,169
2015-05-07,,83300,2.383,240.66,164811,641.0,,,4778,6823,877,1968,1605,2709,263,175
2015-05-08,,83350,2.313,191.438,164841,658.0,,,4778,6829,875,1968,1606,2711,263,175
2015-05-09,,83399,2.104,166.125,164836,607.0,,,4777,6832,875,1969,1606,2712,263,176
2015-05-10,,83438,1.875,138.729,164860,554.0,,,4777,6836,875,1970,1606,2712,263,176
2015-05-11,,83483,2.063,153.833,164882,603.0,,,4782,6839,876,1970,1609,2713,263,175
2015-05-12,,83561,2.143,159.673,164921,622.0,,,4783,6849,879,1970,1609,2715,263,175
2015-05-13,,83615,2.25,160.708,164966,615.0,,,4787,6853,879,1971,1609,2716,263,178
2015-05-14,,83660,2.438,178.292,165040,610.0,,,4787,6857,883,1971,1610,2717,263,169
2015-05-15,,83706,2.277,154.766,165112,596.0,,,4790,6858,880,1973,1611,2720,263,183
2015-05-16,,83754,2.0,136.872,165181,550.0,,,4788,6869,880,1973,1616,2727,263,217
2015-05-17,,83800,2.0,119.958,165220,509.0,,,4792,6875,881,1974,1616,2728,263,216
2015-05-18,,83851,2.204,119.429,165248,567.0,,,4792,6884,883,1974,1664,2730,263,221
2015-05-19,,83907,2.245,163.49,165320,633.0,,,4800,6884,881,1975,1667,2731,263,194
2015-05-20,,83969,2.143,177.571,165396,655.0,,,4803,6891,882,1975,1667,2732,263,192
2015-05-21,,84048,2.042,177.708,165456,657.0,,,4804,6898,882,1977,1669,2736,263,197
2015-05-22,,84123,1.958,183.125,165519,676.0,,,4806,6902,884,1977,1669,2739,263,193
2015-05-23,,84199,1.898,160.408,165570,647.0,,,4807,6906,885,1978,1669,2739,263,188
2015-05-24,,84251,1.958,154.5,165625,614.0,,,4812,6911,887,1981,1672,2740,263,190
2015-05-25,,84309,1.98,155.388,165681,658.0,,,4817,6916,888,1981,1672,2740,263,188
2015-05-26,,84344,2.104,167.813,165746,666.0,,,4820,6919,885,1983,1674,2740,263,184
2015-05-27,,84387,2.208,194.729,165827,663.0,,,4821,6919,886,1984,1676,2744,263,184
2015-05-28,,84469,2.143,182.592,165899,644.0,,,4827,6923,885,1985,1675,2748,263,190
2015-05-29,,84512,2.02,178.796,165951,658.0,,,4833,6920,884,1986,1675,2749,263,178
2015-05-30,,84557,1.958,197.667,166050,835.0,,,4838,6931,884,1986,1675,2749,263,170
2015-05-31,,84592,2.042,249.146,166126,844.0,,,4845,6938,887,1986,1675,2749,263,169
2015-06-01,,84640,2.184,259.796,166191,713.0,,,4851,6945,887,1987,1678,2754,264,178
2015-06-02,,84709,2.208,199.833,166258,690.0,,,4855,6948,887,1987,1679,2758,264,180
2015-06-03,,84760,2.191,165.191,166329,676.0,,,4858,6951,887,1988,1679,2758,264,176
2015-06-04,,84815,2.143,158.347,166401,671.0,,,4860,6960,889,1988,1680,2763,264,192
2015-06-05,,84878,2.286,155.469,166460,632.0,,,4861,6962,889,1988,1680,2767,264,216
2015-06-06,,84947,2.283,145.652,166766,563.0,,,4862,6964,891,1988,1681,2769,265,220
2015-06-07,,85029,2.146,163.563,166806,550.0,,,4863,6971,892,1989,1682,2770,265,219
2015-06-08,,85162,2.271,154.604,166870,637.0,,,4866,6978,894,1992,1682,2770,265,218
2015-06-09,,85248,2.204,183.816,166905,688.0,,,4873,6988,894,1992,1682,2770,265,210
2015-06-10,,85347,2.184,201.082,166937,654.0,,,4876,6994,895,1993,1683,2777,267,222
2015-06-11,,85406,2.188,180.438,166979,624.0,,,4877,6996,895,1996,1685,2779,267,214
2015-06-12,,85466,2.083,185.167,167019,599.0,,,4878,6997,897,1997,1685,2781,267,206
2015-06-13,,85520,2.128,153.872,167060,543.0,,,4881,7000,899,1998,1686,2783,267,198
2015-06-14,,85575,2.106,112.66,167101,531.0,,,4882,7004,900,1998,1687,2783,267,195
2015-06-15,,85630,2.224,125.347,167143,597.0,,,4883,7010,901,1998,1689,2787,268,203
2015-06-16,,85776,2.163,168.204,167187,679.0,,,4888,7012,900,1999,1689,2787,268,192
2015-06-17,,85862,2.125,209.521,167239,749.0,,,4891,7020,899,2003,1693,2791,270,196
2015-06-18,,85939,2.083,191.521,167286,722.0,,,4890,7024,899,2004,1696,2791,270,194
2015-06-19,,86016,2.063,172.521,167357,665.0,,,4893,7029,901,2006,1697,2794,270,204
2015-06-20,,86076,1.939,182.714,167398,633.0,,,4898,7034,902,2008,1698,2799,270,214
2015-06-21,,86124,1.896,160.458,167416,597.0,,,4900,7040,902,2008,1699,2799,270,212
2015-06-22,,86192,2.0,132.021,167427,610.0,,,4903,7043,902,2008,1699,2801,270,217
2015-06-23,,86277,2.245,142.0,167488,623.0,,,4911,7046,902,2010,1700,2803,270,221
2015-06-24,,86324,2.354,161.271,167514,626.0,,,4914,7052,902,2014,1702,2803,270,214
2015-06-25,,86395,2.083,153.229,167592,608.0,,,4920,7058,905,1901,1600,2803,270,201
2015-06-26,,86450,2.0,135.776,167646,566.0,,,4924,7061,902,2016,1702,2806,270,210
2015-06-27,,86507,2.021,149.458,167691,591.0,,,4927,7066,904,2017,1703,2807,270,215
2015-06-28,,86582,2.104,179.5,167733,643.0,,,4927,7071,903,2019,1703,2807,270,214
2015-06-29,,86643,2.417,194.521,167811,709.0,,,4928,7077,903,2019,1703,2807,270,203
2015-06-30,,86758,2.396,202.604,167937,804.0,,,4934,7080,903,2019,1705,2808,270,193
2015-07-01,,86834,2.191,212.574,167998,780.0,,,4937,7081,903,2021,1706,2809,270,188
2015-07-02,,86912,2.213,194.872,168077,743.0,,,4940,7088,902,2021,1706,2810,270,165
2015-07-03,,86981,2.104,159.333,168138,742.0,,,4944,7098,906,2023,1708,2816,270,173
2015-07-04,,87054,2.104,170.292,168222,750.0,,,4950,7103,910,2025,1708,2817,270,167
2015-07-05,,87129,2.122,176.755,168321,767.0,,,4951,7111,912,2025,1708,2817,270,165
2015-07-06,,87214,2.143,171.816,168444,807.0,,,4953,7120,912,2025,1708,2817,270,162
2015-07-07,,87316,2.167,203.833,168573,860.0,,,4955,7126,912,2026,1709,2820,270,168
2015-07-08,,87417,2.229,220.979,168704,848.0,,,4959,7131,912,2032,1711,2821,271,154
2015-07-09,,87526,2.163,203.204,168791,796.0,,,4965,7142,915,2035,1711,2825,272,146
2015-07-10,,87610,2.167,183.292,168921,774.0,,,4977,7149,915,2036,1715,2825,272,143
2015-07-11,,87706,2.188,144.563,169020,708.0,,,4983,7154,916,2036,1717,2830,273,152
2015-07-12,,87776,2.213,137.426,169151,705.0,,,4986,7162,915,2036,1717,2831,273,153
2015-07-13,,87881,2.348,190.717,169279,830.0,,,4990,7173,918,2039,1718,2832,273,144
2015-07-14,,87987,2.333,224.511,169391,817.0,,,4994,7177,918,2042,1720,2833,273,140
2015-07-15,,88052,2.174,201.652,169487,768.0,,,4999,7180,921,2044,1720,2838,273,146
2015-07-16,,88121,1.939,184.714,169604,746.0,,,5005,7185,923,2046,1722,2840,273,143
2015-07-17,,88206,1.875,177.542,169689,675.0,,,5007,7191,923,2046,1722,2844,275,148
2015-07-18,,88256,1.833,132.042,169773,592.0,,,5016,7193,922,2047,1723,2845,276,144
2015-07-19,,88306,2.02,118.714,169856,566.0,,,5017,7196,919,2049,1723,2845,276,143
2015-07-20,,88361,2.265,143.98,169906,638.0,,,5022,7201,921,2050,1723,2846,277,136
2015-07-21,,88431,2.25,166.875,170039,708.0,,,5026,7204,921,2050,1726,2850,277,145
2015-07-22,,88514,2.188,181.938,170147,692.0,,,5034,7207,921,2051,1727,2853,277,148
2015-07-23,,88559,2.02,183.449,170249,654.0,,,5036,7210,921,2054,1727,2853,277,145
2015-07-24,,88621,2.061,196.939,170346,629.0,,,5039,7211,920,2055,1729,2856,278,150
2015-07-25,,88697,2.143,167.837,170413,593.0,,,5040,7214,920,2056,1729,2856,278,146
2015-07-26,,88748,2.021,124.688,170490,562.0,,,5038,7216,922,2057,1730,2856,278,146
2015-07-27,,88797,2.104,135.75,170581,592.0,,,5040,7220,926,2058,1733,2856,278,157
2015-07-28,,88857,2.122,135.163,170700,632.0,,,5038,7226,926,2060,1735,2859,278,169
2015-07-29,,88944,2.064,138.553,170796,623.0,,,5045,7232,926,2062,1735,2859,278,163
2015-07-30,,89004,2.063,164.104,170909,630.0,,,5045,7239,927,2064,1736,2860,278,159
2015-07-31,,89091,2.146,175.417,170973,618.0,,,5048,7245,927,2067,1736,2862,278,145
2015-08-01,,,2.676,185.189,171056,677.0,,,,,,,,,,
2015-08-02,,89192,3.0,220.375,171135,723.0,,,,,,,,,,138
2015-08-03,,89240,2.488,180.463,171189,634.0,,,5061,7255,930,2070,1737,2862,278,137
2015-08-04,,89313,2.367,146.49,171299,642.0,,,5068,7259,929,2073,1741,2867,278,148
2015-08-05,,89385,2.347,160.367,171386,681.0,,,5070,7262,930,2076,1743,2870,279,149
2015-08-06,,89458,2.128,162.766,171474,644.0,,,5070,7266,933,2081,1747,2872,280,151
2015-08-07,,89537,2.2,153.289,171562,545.0,,,5071,7274,931,2082,1749,2874,280,157
2015-08-08,,89584,2.283,123.065,171612,505.0,,,5071,7277,932,2083,1749,2876,280,148
2015-08-09,,89642,2.271,106.063,171690,513.0,,,5071,7279,933,2085,1749,2876,280,144
2015-08-10,,89689,2.313,150.646,171744,563.0,,,5073,7283,936,2085,1749,2876,280,142
2015-08-11,,89753,2.306,172.49,171804,602.0,,,5074,7288,936,2087,1750,2881,281,149
2015-08-12,,89806,2.292,170.188,171854,593.0,,,5077,7289,938,2089,1752,2882,281,145
2015-08-13,,89867,2.245,166.878,171926,582.0,,,5076,7288,940,2090,1752,2882,281,135
2015-08-14,,89906,2.489,155.17,171985,571.0,,,5079,7293,943,2091,1752,2882,281,127
2015-08-15,,89930,2.826,170.848,172000,554.0,,,5083,7300,947,2092,1752,2883,281,133
2015-08-16,,89981,3.191,232.362,171905,707.0,,,5089,7301,948,2093,1752,2883,281,134
2015-08-17,,90023,2.979,214.213,171663,802.0,,,5091,7312,950,2095,1752,2883,281,132
2015-08-18,,90069,3.462,244.564,171652,761.0,,,,,,,,,,116
2015-08-19,,,0.0,0.0,171719,756.0,,,,,,,,,,
2015-08-20,,90197,2.971,249.794,171765,716.0,,,5097,7359,959,2102,1757,2886,281,125
2015-08-21,,90262,2.366,179.0,171804,582.0,,,5099,7370,957,2103,1759,2894,282,125
2015-08-22,,90296,1.957,121.739,171849,509.0,,,5105,7376,957,2103,1760,2895,282,126
2015-08-23,,90327,0.0,0.0,171872,485.0,,,,,,,,,,126
2015-08-24,,90408,2.682,146.295,171941,574.0,,,5118,7379,961,2107,1762,2895,282,123
2015-08-25,,90470,2.783,158.87,172027,669.0,,,5118,7381,961,,,2897,282,108
2015-08-26,,90542,2.375,152.063,172047,632.0,,,5125,7386,962,2108,1764,2897,282,105
2015-08-27,,90585,2.213,145.447,172088,577.0,,,5126,7391,966,2108,1764,2899,282,102
2015-08-28,,90634,0.0,0.0,172116,565.0,,,5129,7395,965,2109,1764,2899,282,99
2015-08-29,,90685,2.167,156.048,172145,503.0,,,,,,,,,,95
2015-08-30,,90729,2.186,146.116,172176,461.0,,,5132,7405,968,2110,1764,2899,282,95
2015-08-31,,90784,2.25,114.188,172209,478.0,,,5134,7409,970,2114,1765,2899,282,97
2015-09-01,,90831,2.535,116.0,172261,522.0,,,5138,7414,974,2115,1766,2901,282,87
2015-09-02,,90905,2.674,158.163,172329,537.0,,,5140,7415,975,2119,1767,2902,283,82
2015-09-03,,90944,0.0,0.0,172377,495.0,,,5140,7416,975,2121,1768,2904,283,79
2015-09-04,,91056,0.0,0.0,172329,483.0,,,5143,7420,975,2124,1769,2908,285,96
2015-09-05,,91230,0.0,0.0,172331,452.0,,,5147,7423,977,2125,1775,2911,285,115
2015-09-06,,91290,1.886,106.818,172359,446.0,,,5151,7429,977,2125,1776,2911,285,112
2015-09-07,,91351,0.0,0.0,172272,491.0,,,5156,7429,981,2125,1777,2911,285,112
2015-09-08,,91392,2.723,114.766,172111,516.0,,,5162,7432,980,2126,1777,2911,285,102
2015-09-09,,91466,2.298,106.787,172154,536.0,,,5164,7436,978,2126,1778,2918,285,110
2015-09-10,,,2.333,128.31,172213,537.0,,,,,,,,,,
2015-09-11,,91564,2.119,127.238,172255,507.0,,,,,,,,,,106
2015-09-12,,91636,2.022,104.978,172284,451.0,,,5175,7454,981,2130,1778,2918,285,104
2015-09-13,,91690,2.267,98.333,172326,423.0,,,5182,7467,982,2131,1778,2918,285,103
2015-09-14,,91751,2.25,87.979,172371,457.0,,,5185,7469,983,2132,1778,2918,285,103
2015-09-15,,,0.0,0.0,172391,478.0,,,5189,7473,985,2134,1778,2918,285,
2015-09-16,,91834,2.725,116.55,172439,465.0,,,,,,,,,,97
2015-09-17,,,0.0,0.0,172512,464.0,,,,,,,,,,
2015-09-18,,91942,2.722,123.028,172569,466.0,,,,,,,,,,97
2015-09-19,,91964,2.14,83.791,172625,424.0,,,5197,7496,986,2143,1780,2924,286,97
2015-09-20,,92007,2.35,105.7,172662,397.0,,,,,,,,,,86
2015-09-21,,,0.0,0.0,172701,466.0,,,5201,7507,986,2145,1780,2924,286,
2015-09-22,,,2.643,155.619,172763,521.0,,,,,,,,,,
2015-09-23,,92171,2.341,168.39,172808,532.0,,,5210,7521,990,2147,1791,2934,287,140
2015-09-24,,92252,2.381,143.214,172862,521.0,,,,,,,,,,177
2015-09-25,,92307,2.763,138.868,172908,496.0,,,5218,7532,989,2150,1793,2943,287,184
2015-09-26,,92302,2.4,128.75,172937,470.0,,,5220,7538,991,2151,1795,2946,287,196
2015-09-27,,92331,2.405,130.905,172961,437.0,,,,,,,,,,194
2015-09-28,,92378,2.625,127.125,172992,450.0,,,5225,7549,993,2152,1795,2947,287,193
2015-09-29,,,2.093,97.116,173025,496.0,,,5229,7558,996,2153,1796,2949,287,
2015-09-30,,92506,0.0,0.0,173041,474.0,,,,,,,,,,210
2015-10-01,,,0.0,0.0,173061,453.0,,,5240,7571,995,2155,1798,2955,287,
2015-10-02,,92617,2.167,116.476,173087,452.0,,,5239,7581,996,2157,1804,2962,287,208
2015-10-03,,,2.227,93.091,173117,408.0,,,5239,7583,997,2157,1805,2962,287,
2015-10-04,,,2.69,92.095,173156,392.0,,,,,,,,,,
2015-10-05,,,0.0,0.0,173187,442.0,,,5245,7589,996,2163,1806,2962,287,
2015-10-06,,92798,2.395,119.116,173232,492.0,,,5248,7591,996,2165,1808,2972,288,215
2015-10-07,,92860,2.488,135.415,173288,507.0,,,,,,,,,,222
2015-10-08,,92923,2.868,154.368,173334,507.0,,,,,,,,,,225
2015-10-09,,92971,2.615,148.769,173390,495.0,,,,,,,,,,230
2015-10-10,,,2.564,126.487,173438,494.0,,,,,,,,,,
2015-10-11,,93041,0.0,0.0,173472,464.0,,,,,,,,,,253
2015-10-12,,93073,0.0,0.0,173513,449.0,,,,,,,,,,251
2015-10-13,,93105,0.0,0.0,173552,491.0,,,,,,,,,,275
2015-10-14,,93156,0.0,0.0,173602,510.0,,,,,,,,,,269
2015-10-15,,93192,2.326,129.837,173657,512.0,,,,,,,,,,244
2015-10-16,,93246,0.0,0.0,173697,502.0,,,,,,,,,,243
2015-10-17,,,3.088,125.441,173741,477.0,,,,,,,,,,
2015-10-18,,93318,2.789,118.763,173782,465.0,,,,,,,,,,236
2015-10-19,,93351,3.086,140.514,173824,472.0,,,,,,,,,,228
2015-10-20,,93387,0.0,0.0,173893,474.0,,,,,,,,,,202
2015-10-21,,,0.0,0.0,173931,469.0,,,5286,7656,998,2188,1831,3010,293,
2015-10-22,,93497,2.857,111.0,173974,485.0,,,5285,7665,996,2188,1831,3010,293,214
2015-10-23,,93560,2.667,113.205,174010,475.0,,,,,,,,,,223
2015-10-24,,93599,2.286,111.238,174045,456.0,,,,,,,,,,244
2015-10-25,,,2.317,114.268,174101,509.0,,,,,,,,,,
2015-10-26,,93724,0.0,0.0,174173,545.0,,,5300,7681,999,2192,1833,3024,294,258
2015-10-27,,93925,0.0,0.0,174232,548.0,,,,,,,,,,261
2015-10-28,,,3.0,171.226,174304,591.0,,,5308,7692,994,2194,1852,3033,294,257
2015-10-29,,94095,2.514,155.622,174388,615.0,,,5311,7702,997,2194,1854,3033,294,250
2015-10-30,,94191,2.109,121.848,174481,628.0,,,5311,7706,996,2196,1854,3037,295,237
2015-10-31,,94309,1.894,99.468,174526,575.0,,,5315,7709,997,2196,1862,3039,295,243
2015-11-01,,,2.22,86.488,174618,501.0,,,,,,,,,,
2015-11-02,,,0.0,0.0,174675,567.0,,,,,,,,,,
2015-11-03,,94707,3.281,187.625,174904,881.0,,,5321,7726,1001,2199,1865,3043,295,232
2015-11-04,,95044,2.886,242.914,175249,1181.0,,,5325,7734,1003,2199,1866,3043,295,224
2015-11-05,,95214,0.0,0.0,175452,1090.0,,,,,,,,,,245
2015-11-06,,95390,2.395,226.974,175596,829.0,,,5334,7748,999,2207,1869,3056,296,232
2015-11-07,,95555,0.0,0.0,175399,668.0,,,,,,,,,,225
2015-11-08,,95772,0.0,0.0,175320,595.0,,,,,,,,,,218
2015-11-09,,95999,0.0,0.0,175340,591.0,,,,,,,,,,220
2015-11-10,,,2.784,128.649,175403,615.0,,,,,,,,,,
2015-11-11,,,3.633,153.6,175460,576.0,,,5356,7787,1002,2212,1879,3063,296,
2015-11-12,,96539,3.441,136.353,175517,493.0,,,5365,7796,1006,2215,1886,3073,297,235
2015-11-13,,,0.0,0.0,175573,449.0,,,,,,,,,,
2015-11-14,,96805,0.0,0.0,175616,409.0,,,5371,7804,1006,2219,1886,3084,297,264
2015-11-15,,96939,0.0,0.0,175668,378.0,,,,,,,,,,271
2015-11-16,,97069,2.417,116.306,175703,415.0,,,,,,,,,,270
2015-11-17,,,0.0,0.0,175773,468.0,,,,,,,,,,
2015-11-18,,,3.242,112.0,175827,481.0,,,,,,,,,,
2015-11-19,,,3.353,126.588,175854,488.0,,,,,,,,,,
2015-11-20,,97622,0.0,0.0,175914,497.0,,,,,,,,,,268
2015-11-21,,97730,2.563,121.969,175978,443.0,,,,,,,,,,253
2015-11-22,,,3.25,128.719,176040,416.0,,,5392,7849,1008,2234,1899,3107,297,
2015-11-23,,97900,0.0,0.0,176103,466.0,,,,,,,,,,260
2015-11-24,,97977,0.0,0.0,176146,482.0,,,5405,7856,1009,2239,1903,3114,297,262
2015-11-25,,98062,0.0,0.0,176178,452.0,,,,,,,,,,254
2015-11-26,,,0.0,0.0,176215,451.0,,,5412,7866,1010,2241,1908,3120,298,
2015-11-27,,98243,0.0,0.0,176279,469.0,,,,,,,,,,254
2015-11-28,,98303,3.182,121.455,176305,455.0,,,,,,,,,,287
2015-11-29,,98391,3.029,129.457,176342,436.0,,,,,,,,,,300
2015-11-30,,98458,0.0,0.0,176391,483.0,,,,,,,,,,304
2015-12-01,,98548,0.0,0.0,176446,521.0,,,,,,,,,,344
2015-12-02,,,0.0,0.0,176507,509.0,,,5430,7907,1013,2252,1932,3151,301,
2015-12-03,,98712,3.258,139.194,176568,489.0,,,5434,7911,1012,2254,1933,3163,301,377
2015-12-04,,98782,2.732,126.61,176615,478.0,,,,,,,,,,378
2015-12-05,,98891,2.667,120.524,176680,441.0,,,5438,7917,1012,2258,1933,3169,302,371
2015-12-06,,98965,2.5,99.114,176720,449.0,,,,,,,,,,372
2015-12-07,,99133,2.767,118.349,176777,501.0,,,5446,7925,1012,2261,1934,3170,302,366
2015-12-08,,99217,0.0,0.0,176909,532.0,,,,,,,,,,361
2015-12-09,,99422,0.0,0.0,177151,842.0,,,5469,7948,1012,2264,1936,3172,302,345
2015-12-10,,99682,2.289,197.8,177297,931.0,,,5472,7957,1011,2265,1936,3173,302,328
2015-12-11,,99820,2.364,172.636,177342,708.0,,,,,,,,,,319
2015-12-12,,99978,2.757,170.351,177419,643.0,,,,,,,,,,297
2015-12-13,,100204,0.0,0.0,177473,568.0,,,5482,7986,1012,2268,1937,3177,303,287
2015-12-14,,100308,0.0,0.0,177538,553.0,,,,,,,,,,282
2015-12-15,,100422,0.0,0.0,177369,344.0,,,,,,,,,,273
2015-12-16,,100623,0.0,0.0,176992,347.0,,,5489,8018,1016,2273,1941,3182,304,263
2015-12-17,,,2.744,171.718,176653,574.0,,,5488,8024,1016,2274,1941,3182,304,
2015-12-18,,,0.0,0.0,176368,551.0,,,5491,8038,1017,2276,1941,3184,305,
2015-12-19,,,0.0,0.0,176107,508.0,,,,,,,,,,
2015-12-20,,101488,3.483,162.655,175855,542.0,,,5497,8050,1020,2280,1942,3184,305,231
2015-12-21,,101624,2.795,119.846,175587,565.0,,,,,,,,,,228
2015-12-22,,102274,2.821,141.667,175286,535.0,,,5505,8065,1025,2285,1943,3186,305,225
2015-12-23,,,0.0,0.0,175031,585.0,,,5508,8075,1026,2288,1944,3190,305,
2015-12-24,,102553,0.0,0.0,174737,573.0,,,,,,,,,,226
2015-12-25,,,0.0,0.0,174220,431.0,,,,,,,,,,
2015-12-26,,102792,0.0,0.0,173832,360.0,,,5516,8096,1024,2290,1945,3190,305,205
2015-12-27,,102875,0.0,0.0,173408,444.0,,,,,,,,,,191
2015-12-28,,103015,3.514,200.429,172829,495.0,,,,,,,,,,178
2015-12-29,,,3.613,240.032,172299,485.0,,,,,,,,,,
2015-12-30,,103170,0.0,0.0,171983,489.0,,,5528,8125,1030,2293,1945,3190,305,107
2015-12-31,,103316,0.0,0.0,171754,460.0,,,5530,8134,1031,2294,1946,3190,305,77
2016-01-01,,103430,0.0,0.0,171524,416.0,,,5539,8146,1032,2296,1947,3190,305,63
2016-01-02,,103538,0.0,0.0,171341,404.0,,,,,,,,,,61
2016-01-03,,103703,0.0,0.0,171143,420.0,,,,,,,,,,65
2016-01-04,,103899,3.351,106.297,170985,435.0,,,,,,,,,,85
2016-01-05,,104047,3.243,114.243,170870,447.0,,,,,,,,,,84
2016-01-06,,,0.0,0.0,170897,435.0,,,,,,,,,,
2016-01-07,,,0.0,0.0,170979,452.0,,,5562,8189,1043,2311,1959,3206,305,
2016-01-08,,,0.0,0.0,171060,458.0,,,,,,,,,,
2016-01-09,,104512,0.0,0.0,171126,425.0,,,,,,,,,,110
2016-01-10,,,3.212,137.242,171160,405.0,,,5583,8226,1046,2315,1966,3212,306,
2016-01-11,,104766,3.394,156.667,171202,443.0,,,,,,,,,,115
2016-01-12,,104912,0.0,0.0,171274,488.0,,,5600,8245,1048,2315,1966,3215,306,105
2016-01-13,,105028,4.0,188.833,171290,515.0,,,,,,,,,,106
2016-01-14,,105188,0.0,0.0,171369,502.0,,,5612,8257,1051,2319,1968,3215,306,128
2016-01-15,,105370,0.0,0.0,171417,688.0,,,5618,8267,1052,2321,1968,3215,306,129
2016-01-16,,105706,3.394,357.848,171519,828.0,,,5625,8282,1054,2322,1970,3226,307,128
2016-01-17,,105922,0.0,0.0,171550,654.0,,,5641,8294,1058,2325,1972,3226,307,129
2016-01-18,,,0.0,0.0,171567,580.0,,,5647,8309,1061,2328,1973,3226,307,
2016-01-19,,,0.0,0.0,171621,580.0,,,,,,,,,,
2016-01-20,,,0.0,0.0,171634,578.0,,,5655,8341,1064,2333,1973,3248,310,
2016-01-21,,,0.0,0.0,171711,554.0,,,5660,8348,1063,2333,1973,3255,310,
2016-01-22,,,0.0,0.0,171781,503.0,,,5663,8356,1062,2334,1974,3255,310,
2016-01-23,,,0.0,0.0,171777,480.0,,,,,,,,,,
2016-01-24,,,0.0,0.0,171797,413.0,,,5671,8367,1065,2339,1979,3262,310,
2016-01-25,,,3.552,176.345,171777,438.0,,,,,,,,,,
2016-01-26,,106756,0.0,0.0,171814,441.0,,,,,,,,,,219
2016-01-27,,,0.0,0.0,171844,440.0,,,5692,8399,1069,2345,1984,3262,310,
2016-01-28,,,0.0,0.0,171889,423.0,,,5694,8405,1067,2351,1990,3262,310,
2016-01-29,,,0.0,0.0,171959,421.0,,,,,,,,,,
2016-01-30,,,0.0,0.0,171986,389.0,,,5706,8423,1065,2353,1997,3262,310,
2016-01-31,,,0.0,0.0,172014,345.0,,,,,,,,,,
2016-02-01,,,4.393,134.571,172023,409.0,,,,,,,,,,
2016-02-02,,107577,4.107,157.964,172050,422.0,,,5716,8438,1065,2362,2001,3262,310,236
2016-02-03,,107679,0.0,0.0,172098,385.0,,,5721,8438,1064,2362,2001,3262,310,242
2016-02-04,,107763,0.0,0.0,172122,391.0,,,5725,8447,1063,2364,2001,3262,310,237
2016-02-05,,,0.0,0.0,172148,382.0,,,5734,8454,1061,2368,2000,3262,310,
2016-02-06,,,0.0,0.0,172147,365.0,,,5738,8460,1063,2369,2000,3262,310,
2016-02-07,,108105,0.0,0.0,172184,353.0,,,,,,,,,,233
2016-02-08,,108168,0.0,0.0,172227,366.0,,,5742,8472,1067,2371,2000,3262,310,235
2016-02-09,,108253,4.065,128.355,172294,372.0,,,5744,8476,1067,2376,2002,3262,310,238
2016-02-10,,,3.618,126.029,172359,398.0,,,,,,,,,,
2016-02-11,,108423,0.0,0.0,172434,423.0,,,,,,,,,,225
2016-02-12,,108623,0.0,0.0,172471,402.0,,,5765,8493,1066,2389,2040,3262,310,223
2016-02-13,,108750,0.0,0.0,172509,359.0,,,5770,8495,1069,2390,2042,3262,310,229
2016-02-14,,108881,0.0,0.0,172539,398.0,,,,,,,,,,227
2016-02-15,,,0.0,0.0,172590,441.0,,,5767,8510,1070,2391,2042,3262,310,
2016-02-16,,109091,0.0,0.0,172620,420.0,,,,,,,,,,205
2016-02-17,,109238,3.343,131.286,172678,449.0,,,,,,,,,,205
2016-02-18,,109366,0.0,0.0,172748,434.0,,,5781,8534,1067,2396,2074,3262,310,183
2016-02-19,,,0.0,0.0,172830,393.0,,,,,,,,,,
2016-02-20,,109667,0.0,0.0,172871,387.0,,,,,,,,,,167
2016-02-21,,109822,3.294,117.265,172917,394.0,,,,,,,,,,165
2016-02-22,,,0.0,0.0,172912,396.0,,,5794,8563,1072,2399,2078,3262,310,
2016-02-23,,110095,3.541,144.081,172960,403.0,,,,,,,,,,163
2016-02-24,,110189,3.588,165.353,173003,398.0,,,5802,8577,1073,2403,2083,3262,310,154
2016-02-25,,110318,0.0,0.0,173051,409.0,,,5807,8581,1074,2409,2084,3262,310,142
2016-02-26,,,0.0,0.0,173138,415.0,,,,,,,,,,
2016-02-27,,,0.0,0.0,173159,371.0,,,5814,8591,1074,2411,2084,3262,310,
2016-02-28,,,0.0,0.0,173181,342.0,,,,,,,,,,
2016-02-29,,110758,0.0,0.0,173236,407.0,,,5827,8601,1080,2412,2087,3262,310,132
2016-03-01,,110854,3.946,196.0,173265,490.0,,,,,,,,,,120
2016-03-02,,111006,0.0,0.0,173310,473.0,,,,,,,,,,125
2016-03-03,,111185,0.0,0.0,173352,472.0,,,5840,8617,1084,2417,2089,3262,310,120
2016-03-04,,111338,4.057,170.514,173369,457.0,,,,,,,,,,120
2016-03-05,,111464,0.0,0.0,173365,427.0,,,,,,,,,,119
2016-03-06,,,0.0,0.0,173390,395.0,,,5859,8644,1086,2423,2092,3262,310,
2016-03-07,,,0.0,0.0,173371,379.0,,,,,,,,,,
2016-03-08,,111873,0.0,0.0,173401,405.0,,,5869,8657,1091,2423,2093,3262,310,106
2016-03-09,,,0.0,0.0,173406,370.0,,,,,,,,,,
2016-03-10,,,0.0,0.0,173440,337.0,,,,,,,,,,
2016-03-11,,,0.0,0.0,173448,323.0,,,,,,,,,,
2016-03-12,,,2.946,102.054,173438,336.0,,,5887,8680,1096,2425,2094,3262,310,86
2016-03-13,,112488,2.61,107.439,173450,342.0,,,5885,8686,1097,2427,2094,3262,310,83
2016-03-14,,,3.079,131.158,173484,359.0,,,5892,8686,1097,2431,2099,3262,310,94
2016-03-15,,,0.0,0.0,173507,359.0,,,5897,8689,1099,2434,2102,3262,310,96
2016-03-16,,112908,3.935,130.355,173537,337.0,,,,,,,,,,
2016-03-17,,,0.0,0.0,173571,349.0,,,5903,8696,1097,2438,2104,3262,310,
2016-03-18,,,0.0,0.0,173612,329.0,,,,,,,,,,120
2016-03-19,,,0.0,0.0,173617,289.0,,,,,,,,,,
2016-03-20,,113263,0.0,0.0,173619,267.0,,,5910,8709,1099,2443,2106,3262,310,120
2016-03-21,,,0.0,0.0,173753,286.0,,,5913,8712,1099,2445,2106,3322,322,128
2016-03-22,,113420,0.0,0.0,173771,326.0,,,5921,8717,1102,2446,2106,3330,323,154
2016-03-23,,,0.0,0.0,173812,295.0,,,5923,8717,1102,2447,2106,3330,323,153
2016-03-24,,113512,0.0,0.0,173828,291.0,,,5932,8731,1108,2450,2107,3336,323,163
2016-03-25,,113585,0.0,0.0,173830,328.0,,,5936,8736,1109,2450,2107,3337,324,167
2016-03-26,,,3.852,104.037,173849,344.0,,,5938,8738,1109,2452,2108,3338,324,164
2016-03-27,,113718,0.0,0.0,173883,311.0,,,5939,8743,1109,2454,2109,3338,324,159
2016-03-28,,,0.0,0.0,173921,301.0,,,5941,8745,1109,2454,2109,3338,324,159
2016-03-29,,,4.152,95.667,173969,319.0,,,5947,8763,1107,2458,2111,3339,324,154
2016-03-30,,113955,3.35,85.975,173988,312.0,,,5949,8766,1107,2459,2111,3346,324,155
2016-03-31,,114022,2.778,71.067,174028,291.0,,,5954,8775,1106,2462,2115,3348,324,166
2016-04-01,,114092,2.638,60.021,174051,305.0,,,5956,8782,1105,2463,2117,3355,324,175
2016-04-02,,114164,0.0,0.0,174149,286.0,,,5957,8781,1109,2464,2119,3356,324,178
2016-04-03,,114218,2.13,49.413,174150,276.0,,,5961,8787,1107,2465,2119,3359,324,182
2016-04-04,,114302,3.257,74.771,174207,283.0,,,5963,8793,1108,2468,2121,3362,324,191
2016-04-05,,114379,0.0,0.0,174260,319.0,,,5962,8794,1109,2469,2122,3364,324,217
2016-04-06,,114460,2.674,83.391,174288,313.0,,,5958,8797,1108,2469,2122,3371,325,229
2016-04-07,,114552,2.622,87.467,174347,323.0,,,5957,8801,1112,2469,2122,3374,325,229
2016-04-08,,114654,0.0,0.0,174415,335.0,,,5955,8810,1113,2471,2122,3377,325,238
2016-04-09,,,3.438,76.969,174426,313.0,,,,,,,,,,237
2016-04-10,,114786,2.824,74.588,,,,,5964,8818,1116,2474,2122,3379,326,236
2016-04-11,,114850,2.651,82.442,174560,297.0,,,5968,8817,1117,2474,2122,3379,326,237
2016-04-12,,114939,3.0,88.095,174604,361.0,,,5968,8824,1117,2476,2123,3381,327,207
2016-04-13,,115022,2.891,85.326,174651,338.0,,,5969,8831,1118,2476,2123,3382,327,203
2016-04-14,,115107,2.98,88.143,174703,298.0,,,5977,8836,1123,2477,2124,3382,327,197
2016-04-15,,115205,2.673,74.347,174742,301.0,,,5978,8840,1125,2478,2128,3396,329,221
2016-04-16,,115308,2.553,68.34,174776,287.0,,,5979,8847,1128,2480,2130,3403,329,217
2016-04-17,,115382,2.478,63.261,174818,272.0,,,5978,8851,1126,2484,2130,3403,329,213
2016-04-18,,115473,2.489,63.596,174847,279.0,,,5979,8851,1128,2486,2130,3403,329,213
2016-04-19,,115565,2.818,68.114,174893,297.0,,,5985,8855,1129,2486,2130,3403,329,212
2016-04-20,,115644,2.711,67.0,174962,306.0,,,5993,8865,1131,2488,2133,3415,330,229
2016-04-21,,115716,2.978,78.652,174996,335.0,,,5994,8875,1133,2489,2135,3415,330,218
2016-04-22,,115788,3.182,85.614,175047,361.0,,,5999,8884,1134,2490,2135,3420,332,225
2016-04-23,,115865,2.537,91.073,175078,347.0,,,5997,8886,1134,2490,2135,3425,332,235
2016-04-24,,115946,2.39,92.61,175137,327.0,,,6004,8892,1133,2492,2135,3425,332,234
2016-04-25,,,2.643,96.095,175163,329.0,,,6007,8899,1135,2492,2135,3425,332,234
2016-04-26,,116186,3.214,89.286,175292,358.0,,,6008,8901,1135,2494,2138,3428,332,252
2016-04-27,,116271,2.512,87.122,175353,371.0,,,6008,8902,1135,2494,2138,3432,333,254
2016-04-28,,116356,2.523,88.636,175408,363.0,,,6011,8905,1135,2495,2139,3435,333,254
2016-04-29,,116444,2.532,75.17,175462,351.0,,,6013,8914,1133,2498,2154,3439,333,256
2016-04-30,,116485,2.673,65.0,175511,315.0,,,6015,8917,1135,2500,2154,3439,333,254
2016-05-01,,116553,2.857,66.959,175554,291.0,,,6021,8919,1137,2503,2154,3440,333,246
2016-05-02,,116706,3.042,132.563,176015,953.0,,,6023,8923,1136,2503,2154,3440,333,234
2016-05-03,,117159,2.617,210.426,176232,1295.0,,,6026,8938,1140,2506,2156,3442,333,229
2016-05-04,,117262,2.362,217.319,176448,906.0,,,6032,8960,1141,2507,2157,3443,333,208
2016-05-05,,117354,2.596,191.128,176625,836.0,,,6040,8967,1144,2509,2158,3447,334,209
2016-05-06,,117457,2.596,171.574,176715,696.0,,,6047,8980,1148,2511,2160,3454,334,221
2016-05-07,,,2.769,157.205,176800,503.0,,,6057,8987,1149,2512,2161,3460,334,224
2016-05-08,,117626,2.946,103.378,176888,401.0,,,6061,8994,1148,2512,2161,3460,334,217
2016-05-09,,117702,2.543,78.848,176966,407.0,,,6068,9003,1149,2515,2162,3460,334,211
2016-05-10,,117805,2.542,81.604,177011,416.0,,,6070,9008,1150,2517,2162,3466,334,219
2016-05-11,,117754,2.694,83.612,177092,405.0,,,6074,9017,1149,2519,2165,3472,335,232
2016-05-12,,117844,2.479,86.333,177128,382.0,,,6077,9032,1147,2522,2165,3472,335,231
2016-05-13,,117944,2.571,79.612,177173,346.0,,,6081,9035,1149,2523,2167,3477,336,222
2016-05-14,,118018,2.531,62.429,177246,320.0,,,6087,9039,1149,2523,2167,3477,336,200
2016-05-15,,118068,2.347,53.02,177275,312.0,,,6092,9046,1151,2523,2167,3477,336,196
2016-05-16,,118128,2.271,63.021,177319,327.0,,,6094,9051,1153,2523,2169,3477,336,194
2016-05-17,,118209,2.458,74.458,177362,343.0,,,6101,9059,1155,2523,2168,3477,336,186
2016-05-18,,118317,2.438,71.563,177406,349.0,,,6102,9064,1155,2525,2168,3480,336,172
2016-05-19,,118405,2.375,74.229,177489,382.0,,,6105,9065,1157,2526,2168,3487,336,189
2016-05-20,,118489,2.653,82.408,177554,439.0,,,6107,9073,1162,2528,2169,3489,337,185
2016-05-21,,118535,2.604,78.417,177606,387.0,,,6109,9078,1158,2529,2170,3492,337,188
2016-05-22,,118606,2.531,74.694,177657,306.0,,,6108,9077,1158,2529,2170,3492,337,183
2016-05-23,,118682,2.776,75.694,177712,342.0,,,6115,9079,1160,2529,2171,3492,337,182
2016-05-24,,118769,2.667,89.896,177762,378.0,,,6119,9082,1158,2531,2172,3492,337,172
2016-05-25,,,3.355,138.419,177813,395.0,,,6126,9096,1157,2534,2175,3494,337,159
2016-05-26,,,3.185,92.63,177839,375.0,,,6126,9102,1158,2535,2175,3499,337,161
2016-05-27,,119071,2.829,81.683,177891,400.0,,,6133,9106,1155,2538,2177,3503,337,158
2016-05-28,,119165,2.556,85.578,177949,447.0,,,6135,9109,1155,2539,2179,3506,337,159
2016-05-29,,119287,2.457,85.587,178049,449.0,,,6141,9111,1156,2540,2180,3506,337,156
2016-05-30,,119399,2.25,81.313,178142,453.0,,,6145,9121,1157,2540,2180,3506,337,158
2016-05-31,,119583,2.292,82.104,178244,463.0,,,6147,9125,1158,2551,2181,3509,337,161
2016-06-01,,119726,2.125,81.688,178344,443.0,,,6149,9133,1155,2551,2181,3514,337,171
2016-06-02,,119861,2.204,87.245,178402,419.0,,,6154,9142,1157,2553,2181,3517,337,185
2016-06-03,,119992,0.0,0.0,178494,429.0,,,6156,9148,1157,2554,2182,3521,338,174
2016-06-04,,120128,0.0,0.0,178571,431.0,,,6157,9156,1158,2555,2183,3525,338,166
2016-06-05,,,0.0,0.0,178643,408.0,,,6161,9160,1161,2556,2183,3526,338,168
2016-06-06,,120352,0.0,0.0,178713,431.0,,,6161,9169,1161,2556,2183,3526,338,167
2016-06-07,,120481,0.0,0.0,178772,442.0,,,6165,9176,1162,2557,2183,3529,338,158
2016-06-08,,120611,0.0,0.0,178857,424.0,,,6166,9179,1161,2563,2185,3532,339,149
2016-06-09,,120725,1.75,82.833,178907,399.0,,,6169,9191,1161,2564,2186,3541,339,184
2016-06-10,,120851,2.441,100.588,178991,378.0,,,6172,9191,1160,2565,2187,3550,339,204
2016-06-11,,120954,2.535,96.535,179053,362.0,,,6175,9193,1159,2566,2187,3554,339,210
2016-06-12,,121094,2.375,85.646,179247,532.0,,,6180,9204,1159,2566,2188,3554,339,210
2016-06-13,,121286,2.42,114.06,179467,759.0,,,6183,9210,1162,2568,2189,3554,339,207
2016-06-14,,121502,2.574,135.851,179633,721.0,,,6192,9219,1162,2568,2190,3557,339,218
2016-06-15,,121673,2.633,131.041,179750,567.0,,,6198,9236,1165,2569,2192,3562,339,223
2016-06-16,,121848,2.938,135.063,179947,616.0,,,6202,9240,1165,2569,2192,3562,339,210
2016-06-17,,122083,2.563,129.563,180133,698.0,,,6204,9249,1165,2570,2193,3567,339,227
2016-06-18,,122270,2.367,147.531,180300,654.0,,,6210,9266,1168,2571,2193,3568,339,222
2016-06-19,,122429,2.408,139.367,180429,577.0,,,6207,9274,1169,2575,2197,3569,339,223
2016-06-20,,122598,2.383,117.553,180565,541.0,,,6218,9285,1175,2576,2197,3569,339,222
2016-06-21,,122740,2.404,135.83,180774,634.0,,,6224,9292,1172,2577,2198,3576,341,258
2016-06-22,,122983,2.49,140.796,180888,654.0,,,6225,9297,1173,2577,2200,3579,342,268
2016-06-23,,123143,2.469,119.367,181022,595.0,,,6233,9310,1178,2580,2220,3585,342,291
2016-06-24,,123367,2.25,105.625,181164,596.0,,,6241,9316,1179,2584,2219,3587,342,286
2016-06-25,,123537,2.229,100.292,181272,506.0,,,6244,9321,1180,2585,2220,3592,342,315
2016-06-26,,123695,2.204,82.102,181369,427.0,,,6249,9331,1182,2587,2221,3594,342,316
2016-06-27,,123847,2.604,88.208,181455,445.0,,,6253,9335,1183,2590,2222,3594,342,315
2016-06-28,,123974,2.563,97.938,181548,463.0,,,6255,9344,1183,2591,2222,3595,342,309
2016-06-29,,124129,2.327,97.531,181623,445.0,,,6266,9358,1185,2592,2223,3598,342,310
2016-06-30,,124300,2.417,106.125,181731,463.0,,,6273,9366,1189,2594,2225,3599,342,292
2016-07-01,,124432,2.417,99.771,,,,,6276,9369,1188,2596,2225,3599,342,279
2016-07-02,,124578,0.0,0.0,181884,474.0,,,6281,9381,1187,2596,2226,3600,342,277
2016-07-03,,,3.16,126.88,182007,427.0,,,6287,9390,1187,2598,2226,3600,342,272
2016-07-04,,124765,2.417,117.694,182088,470.0,,,6287,9393,1189,2598,2226,3600,342,268
2016-07-05,,124857,2.146,89.729,182148,452.0,,,6291,9400,1190,2599,2227,3601,342,258
2016-07-06,,124982,2.438,86.458,182260,452.0,,,6296,9410,1188,2599,2227,3601,342,243
2016-07-07,,125113,2.583,91.229,182362,444.0,,,6299,9417,1190,2601,2228,3606,342,234
2016-07-08,,125239,2.396,82.729,182446,453.0,,,6305,9429,1190,2601,2229,3606,342,196
2016-07-09,,125367,2.612,94.286,182529,595.0,,,6310,9436,1193,2601,2235,3612,342,196
2016-07-10,,125476,2.408,97.98,182622,604.0,,,6316,9448,1194,2602,2235,3612,342,196
2016-07-11,,125604,2.438,97.75,182728,459.0,,,6322,9455,1195,2604,2236,3612,342,194
2016-07-12,,125710,2.563,88.625,182782,433.0,,,6329,9466,1199,2604,2238,3616,342,185
2016-07-13,,125820,2.313,69.146,182862,401.0,,,6330,9476,1200,2606,2238,3616,342,178
2016-07-14,,125920,2.286,69.531,182950,387.0,,,6335,9488,1201,2607,2238,3616,342,171
2016-07-15,,126017,1.98,75.429,183005,390.0,,,6344,9498,1202,2607,2238,3621,342,172
2016-07-16,,126096,1.917,86.625,183052,363.0,,,6351,9508,1202,2607,2238,3621,342,162
2016-07-17,,126194,2.191,82.0,183126,354.0,,,6353,9513,1202,2607,2238,3621,342,157
2016-07-18,,126273,2.5,76.563,183191,375.0,,,6354,9518,1202,2609,2238,3621,342,147
2016-07-19,,126373,2.438,84.229,183251,379.0,,,6362,9522,1205,2609,2238,3626,343,150
2016-07-20,,126542,0.0,0.0,183289,375.0,,,6369,9534,1206,2611,2238,3631,343,153
2016-07-21,,126615,2.931,116.586,183378,380.0,,,6375,9549,1205,2612,2238,3631,343,131
2016-07-22,,126721,2.175,109.175,183407,413.0,,,6378,9552,1205,2612,2240,3640,345,131
2016-07-23,,126800,2.122,87.061,183454,361.0,,,6381,9557,1206,2612,2240,3641,345,123
2016-07-24,,126870,2.438,82.688,183494,327.0,,,6384,9568,1207,2613,2240,3641,345,121
2016-07-25,,126956,2.313,93.583,183565,348.0,,,6386,9574,1208,2616,2241,3641,345,120
2016-07-26,,127058,2.367,85.224,183646,372.0,,,6392,9581,1209,2618,2242,3643,346,124
2016-07-27,,127158,2.204,87.265,183708,395.0,,,6396,9579,1210,2620,2243,3646,346,124
2016-07-28,,127243,2.0,92.367,183774,382.0,,,6395,9580,1209,2623,2244,3647,346,125
2016-07-29,,127333,2.0,101.898,183841,384.0,,,6399,9585,1206,2625,2247,3653,347,138
2016-07-30,,127422,2.167,96.896,183895,368.0,,,6405,9594,1203,2629,2248,3658,347,152
2016-07-31,,127477,2.333,99.292,183982,339.0,,,6407,9598,1204,2630,2248,3660,347,154
2016-08-01,,,2.571,119.571,184063,388.0,,,6410,9601,1200,2633,2249,3661,347,167
2016-08-02,,127707,2.976,142.659,184306,529.0,,,6417,9611,1201,2633,2249,3665,347,167
2016-08-03,,127881,2.458,308.375,184847,1065.0,,,6428,9622,1201,2634,2250,3666,347,170
2016-08-04,,128093,2.0,331.837,185037,1138.0,,,6434,9630,1201,2634,2250,3671,347,173
2016-08-05,,128214,2.021,185.229,185200,722.0,,,6439,9641,1204,2635,2252,3674,347,175
2016-08-06,,128332,2.188,159.083,185329,605.0,,,6439,9640,1203,2635,2252,3675,347,165
2016-08-07,,128422,2.438,165.521,185436,508.0,,,6443,9650,1205,2637,2253,3675,347,160
2016-08-08,,128524,2.367,156.612,185507,534.0,,,6449,9655,1207,2639,2252,3675,347,160
2016-08-09,,128631,2.298,127.149,185596,569.0,,,6453,9659,1207,2640,2253,3675,347,156
2016-08-10,,128743,2.383,108.043,185703,547.0,,,6462,9664,1205,2641,2253,3675,347,153
2016-08-11,,128861,0.0,0.0,185762,496.0,,,6465,9670,1206,2643,2253,3679,347,163
2016-08-12,,128953,2.478,114.543,185816,435.0,,,6472,9673,1204,2644,2254,3680,348,159
2016-08-13,,129043,2.25,102.229,185886,370.0,,,6479,9679,1206,2645,2254,3680,348,158
2016-08-14,,129133,2.229,83.813,185951,337.0,,,6482,9682,1204,2646,2257,3683,349,164
2016-08-15,,129213,2.438,87.708,186012,403.0,,,6487,9684,1203,2647,2257,3683,349,165
2016-08-16,,129321,2.5,79.333,186091,541.0,,,6491,9694,1202,2648,2258,3683,349,162
2016-08-17,,129417,2.449,100.51,186162,524.0,,,6495,9696,1204,2651,2260,3685,349,158
2016-08-18,,129516,2.143,98.959,,,,,6500,9704,1207,2653,2260,3693,352,166
2016-08-19,,129576,2.208,73.771,186260,362.0,,,6504,9714,1207,2653,2261,3696,352,166
2016-08-20,,129650,2.313,67.333,186312,322.0,,,6507,9718,1205,2654,2263,3700,352,170
2016-08-21,,129723,2.25,58.875,186380,309.0,,,6510,9722,1205,2656,2263,3700,352,170
2016-08-22,,129794,2.449,65.408,186414,332.0,,,6515,9732,1202,2656,2263,3700,352,167
2016-08-23,,129906,2.714,64.306,,,,,6521,9746,1201,2656,2263,3705,352,173
2016-08-24,,130010,2.551,68.878,186544,347.0,,,6526,9756,1204,2657,2264,3705,352,166
2016-08-25,,130120,2.604,75.646,186619,349.0,,,6529,9763,1202,2661,2266,3710,353,168
2016-08-26,,130247,3.188,78.854,186695,336.0,,,6529,9773,1200,2666,2270,3713,354,163
2016-08-27,,130320,3.204,69.918,186768,303.0,,,6535,9781,1197,2668,2272,3720,354,162
2016-08-28,,130416,2.813,59.646,186843,278.0,,,6541,9787,1199,2672,2272,3721,354,160
2016-08-29,,130516,2.489,68.17,186891,301.0,,,6541,9791,1201,2672,2272,3723,354,152
2016-08-30,,130616,2.292,83.333,186971,326.0,,,6544,9802,1199,2672,2272,3726,354,155
2016-08-31,,130718,2.188,75.146,,,,,6549,9803,1201,2674,2273,3729,355,160
2016-09-01,,130815,2.347,52.959,187137,304.0,,,6549,9814,1204,2676,2275,3733,356,168
2016-09-02,,130931,2.204,50.531,187203,290.0,,,6554,9818,1205,2678,2277,3738,356,176
2016-09-03,,131015,2.408,53.02,187257,286.0,,,6557,9831,1207,2681,2282,3741,356,179
2016-09-04,,131110,2.896,57.458,187324,315.0,,,6562,9834,1208,2681,2282,3741,356,178
2016-09-05,,131212,2.667,58.542,187407,344.0,,,6567,9847,1209,2681,2282,3741,356,175
2016-09-06,,131312,2.375,59.375,187479,344.0,,,6570,9860,1208,2682,2282,3742,356,170
2016-09-07,,131424,2.438,67.146,187555,345.0,,,6573,9863,1206,2685,2283,3744,356,172
2016-09-08,,131506,2.229,65.896,187686,371.0,,,6576,9867,1207,2685,2284,3746,356,172
2016-09-09,,131637,2.042,68.021,187820,388.0,,,6575,9877,1206,2687,2285,3748,356,171
2016-09-10,,131788,2.271,66.958,187911,342.0,,,6582,9880,1205,2690,2287,3757,358,233
2016-09-11,,131889,2.5,60.625,187999,331.0,,,6583,9884,1207,2690,2287,3758,358,230
2016-09-12,,132003,2.714,73.469,188127,376.0,,,6587,9890,1207,2691,2288,3758,358,227
2016-09-13,,132129,2.49,76.041,188203,385.0,,,6592,9902,1207,2693,2290,3758,358,221
2016-09-14,,132162,2.388,72.306,188298,359.0,,,6593,9912,1205,2695,2293,3767,359,237
2016-09-15,,132323,2.625,78.229,188391,359.0,,,6600,9919,1206,2698,2296,3770,359,231
2016-09-16,,132447,2.438,69.917,188467,330.0,,,6601,9923,1206,2699,2298,3770,359,224
2016-09-17,,132590,2.612,63.714,188542,302.0,,,6604,9927,1206,2701,2299,3771,359,217
2016-09-18,,132716,2.542,70.271,188638,325.0,,,6606,9934,1207,2703,2300,3771,359,215
2016-09-19,,132860,2.396,69.083,188720,357.0,,,6608,9940,1208,2703,2300,3771,359,212
2016-09-20,,132946,2.458,69.104,188801,357.0,,,6613,9947,1206,2706,2300,3783,360,227
2016-09-21,,133119,2.604,68.688,188907,337.0,,,6622,9952,1205,2708,2303,3791,362,242
2016-09-22,,133236,2.5,62.458,188984,328.0,,,6624,9958,1207,2710,2305,3797,362,246
2016-09-23,,133326,2.271,64.438,189054,321.0,,,6626,9962,1210,2714,2308,3802,362,249
2016-09-24,,133437,2.521,68.0,189122,286.0,,,6632,9966,1210,2714,2308,3804,362,233
2016-09-25,,133527,2.306,68.408,189199,267.0,,,6635,9973,1210,2714,2309,3806,362,232
2016-09-26,,133640,2.354,67.833,189255,296.0,,,6638,9981,1210,2715,2312,3813,363,239
2016-09-27,,133771,2.449,64.898,,,,,6642,9984,1210,2716,2313,3817,364,304
2016-09-28,,133917,2.146,61.771,189416,342.0,,,6647,9989,1213,2717,2321,3823,364,323
2016-09-29,,134025,2.063,61.146,,,,,6651,10001,1216,2719,2324,3826,364,318
2016-09-30,,134146,2.396,55.563,189569,312.0,,,6653,10007,1217,2720,2330,3836,364,329
2016-10-01,,134229,2.563,55.917,189623,307.0,,,6660,10017,1215,2722,2330,3843,364,339
2016-10-02,,134324,2.417,59.813,189702,315.0,,,6660,10023,1214,2723,2331,3846,364,340
2016-10-03,,134423,2.688,71.521,189795,329.0,,,6661,10033,1215,2724,2330,3846,364,344
2016-10-04,,134530,2.429,70.612,189872,324.0,,,6666,10036,1216,2726,2332,3851,364,343
2016-10-05,,134635,2.292,59.917,189939,303.0,,,6670,10039,1214,2729,2332,3854,364,344
2016-10-06,,134729,3.633,80.327,190003,298.0,,,6674,10047,1215,2730,2333,3856,364,329
2016-10-07,,134832,4.688,104.521,,,,,6682,10063,1218,2732,2334,3857,364,296
2016-10-08,,134945,3.479,88.75,190154,316.0,,,6689,10067,1220,2731,2335,3857,364,282
2016-10-09,,135021,2.51,64.673,,,,,6699,10075,1221,2731,2336,3858,364,289
2016-10-10,,,2.791,67.093,190271,311.0,,,6699,10088,1221,2732,2338,3861,364,285
2016-10-11,,135235,3.103,108.333,190379,406.0,,,6711,10109,1229,2735,2348,3862,364,295
2016-10-12,,135384,2.529,94.98,190498,435.0,,,6711,10114,1234,2736,2348,3864,364,300
2016-10-13,,135576,2.347,95.306,190558,377.0,,,6718,10128,1236,2737,2349,3864,364,291
2016-10-14,,135716,2.184,84.653,190628,350.0,,,6723,10132,1234,2739,2352,3868,365,295
2016-10-15,,135854,2.396,75.938,190690,315.0,,,6725,10139,1235,2739,2352,3870,365,291
2016-10-16,,135965,3.0,83.694,190771,302.0,,,6730,10142,1234,2742,2352,3872,365,296
2016-10-17,,136110,4.306,99.592,190845,355.0,,,6735,10146,1232,2743,2353,3872,365,295
2016-10-18,,136233,3.792,104.396,190931,377.0,,,6744,10159,1231,2747,2358,3877,365,338
2016-10-19,,136352,2.408,85.082,190999,345.0,,,6747,10174,1229,2751,2361,3893,367,378
2016-10-20,,136467,2.429,82.327,191066,339.0,,,6749,10183,1234,2754,2364,3904,369,335
2016-10-21,,136582,2.404,76.957,191133,331.0,,,6754,10192,1233,2760,2369,3904,369,328
2016-10-22,,136659,4.313,87.0,191185,321.0,,,6760,10204,1234,2761,2370,3909,369,332
2016-10-23,,136779,5.429,110.265,191242,335.0,,,6763,10213,1234,2761,2370,3910,369,328
2016-10-24,,136887,3.75,104.333,191317,337.0,,,6764,10219,1238,2765,2373,3910,369,314
2016-10-25,,136997,2.563,81.021,191403,347.0,,,6769,10225,1237,2771,2375,3912,369,295
2016-10-26,,137088,2.375,82.729,191485,418.0,,,6775,10243,1240,2772,2376,3917,369,299
2016-10-27,,137217,2.531,124.0,,,,,6782,10251,1240,2773,2375,3919,369,295
2016-10-28,,137348,3.5,469.833,191662,419.0,,,6789,10265,1245,2776,2377,3922,369,285
2016-10-29,,137502,4.979,455.042,191756,391.0,,,6798,10283,1252,2778,2379,3924,369,276
2016-10-30,,137652,4.163,112.408,191833,401.0,,,6801,10289,1251,2779,2379,3924,369,272
2016-10-31,,137781,2.347,81.51,191920,388.0,,,6809,10299,1254,2780,2380,3924,369,268
2016-11-01,,137876,2.082,74.224,192012,398.0,,,6817,10306,1254,2783,2381,3924,369,251
2016-11-02,,138046,2.327,80.49,192093,369.0,,,6825,10318,1254,2786,2381,3926,369,228
2016-11-03,,138174,2.729,89.729,192193,408.0,,,6831,10326,1258,2787,2384,3930,370,255
2016-11-04,,138333,2.271,77.542,192281,412.0,,,6836,10333,1257,2790,2389,3941,371,271
2016-11-05,,138458,2.408,72.306,,,,,6838,10340,1258,2795,2392,3943,371,274
2016-11-06,,138600,3.479,109.313,192417,312.0,,,6846,10345,1260,2796,2392,3944,371,269
2016-11-07,,138723,3.208,141.146,192510,393.0,,,6847,10351,1258,2797,2393,3944,371,269
2016-11-08,,138823,2.347,132.918,,,,,6847,10363,1257,2799,2395,3951,371,303
2016-11-09,,139033,2.476,163.571,192708,456.0,,,6855,10378,1259,2805,2399,3959,371,331
2016-11-10,,139163,3.927,103.78,192797,467.0,,,6853,10382,1258,2806,2404,3960,371,348
2016-11-11,,139318,4.0,111.267,192856,392.0,,,6857,10390,1258,2806,2404,3967,372,331
2016-11-12,,139459,2.292,74.667,192922,318.0,,,6863,10399,1259,2810,2413,3973,372,345
2016-11-13,,139588,2.082,65.551,192992,330.0,,,6862,10406,1261,2813,2420,3973,372,338
2016-11-14,,139743,2.102,69.98,,,,,6862,10413,1261,2815,2424,3973,372,330
2016-11-15,,139907,2.375,79.917,193143,362.0,,,6870,10420,1262,2816,2425,3974,372,285
2016-11-16,,140053,2.354,90.313,193221,385.0,,,6877,10431,1267,2819,2427,3978,372,262
2016-11-17,,140216,2.02,97.898,193339,405.0,,,6877,10439,1263,2820,2428,3985,373,248
2016-11-18,,140359,2.122,118.408,193413,409.0,,,6884,10451,1265,2820,2428,3987,373,247
2016-11-19,,140539,1.958,123.917,193483,393.0,,,6893,10461,1265,2824,2429,3988,373,239
2016-11-20,,140662,1.854,103.208,193605,408.0,,,6898,10464,1266,2824,2429,3989,373,239
2016-11-21,,140759,2.286,98.286,193697,423.0,,,6905,10471,1267,2825,2429,3990,373,239
2016-11-22,,140862,2.327,110.163,193793,441.0,,,6907,10479,1268,2827,2432,3993,373,247
2016-11-23,,141012,2.271,118.938,193917,434.0,,,6914,10486,1269,2829,2432,3996,373,243
2016-11-24,,141132,2.408,142.592,193993,431.0,,,6921,10501,1270,2834,2435,4005,374,264
2016-11-25,,141276,2.208,153.375,194059,418.0,,,6932,10511,1270,2836,2435,4009,374,257
2016-11-26,,141432,2.25,134.021,194118,365.0,,,6939,10522,1271,2836,2436,4012,375,263
2016-11-27,,141546,2.184,104.98,194183,353.0,,,6943,10528,1273,2836,2436,4013,375,263
2016-11-28,,141672,3.688,109.208,194244,368.0,,,6947,10532,1272,2837,2436,4014,375,261
2016-11-29,,141797,5.25,155.354,194340,381.0,,,6952,10540,1270,2839,2437,4014,375,246
2016-11-30,,141950,3.633,135.408,194433,378.0,,,6955,10552,1271,2840,2437,4018,376,250
2016-12-01,,142059,2.188,94.958,,,,,6963,10562,1272,2845,2441,4019,376,239
2016-12-02,,142201,3.896,117.813,194592,450.0,,,6966,10578,1273,2846,2442,4022,376,233
2016-12-03,,142311,3.878,132.02,194679,493.0,,,6967,10590,1277,2846,2442,4032,376,258
2016-12-04,,142449,2.271,110.646,194782,457.0,,,6972,10596,1277,2847,2443,4036,376,264
2016-12-05,,142588,2.184,115.959,194857,450.0,,,6976,10600,1277,2849,2443,4036,376,265
2016-12-06,,142737,2.208,108.938,,,,,6990,10610,1277,2851,2443,4040,376,245
2016-12-07,,142866,2.438,103.104,195168,433.0,,,6993,10620,1280,2852,2444,4044,376,246
2016-12-08,,142996,2.551,143.49,195286,465.0,,,6998,10626,1280,2852,2444,4045,376,227
2016-12-09,,143150,2.146,161.625,195380,431.0,,,7008,10634,1282,2853,2447,4051,376,236
2016-12-10,,143294,2.063,117.146,195447,371.0,,,7006,10648,1284,2853,2447,4052,376,237
2016-12-11,,143428,5.313,146.938,195509,377.0,,,7017,10654,1286,2855,2449,4055,376,235
2016-12-12,,143564,5.367,147.816,195629,416.0,,,7024,10661,1284,2858,2450,4056,376,233
2016-12-13,,143703,2.347,105.898,195729,431.0,,,7029,10672,1284,2860,2450,4056,376,225
2016-12-14,,143855,2.122,109.633,195849,435.0,,,7033,10680,1287,2862,2450,4061,377,228
2016-12-15,,143978,2.102,109.816,196010,429.0,,,7040,10698,1285,2864,2453,4068,377,282
2016-12-16,,144101,2.042,102.625,196098,394.0,,,7046,10705,1285,2865,2453,4071,377,295
2016-12-17,,144251,2.042,90.75,196168,363.0,,,7050,10718,1287,2868,2455,4075,377,296
2016-12-18,,144368,2.143,92.837,196251,360.0,,,7055,10731,1285,2868,2457,4076,377,283
2016-12-19,,144506,2.188,95.208,,,,,7055,10741,1286,2868,2458,4076,377,277
2016-12-20,,144615,2.083,101.25,196406,405.0,,,7058,10746,1285,2872,2462,4084,377,299
2016-12-21,,144770,2.061,108.122,196556,511.0,,,7065,10756,1285,2875,2463,4087,377,302
2016-12-22,,144987,1.959,105.0,196766,617.0,,,7069,10764,1284,2877,2464,4092,377,295
2016-12-23,,145261,2.0,108.125,196983,682.0,,,7073,10770,1284,2879,2464,4093,378,289
2016-12-24,,145518,2.042,110.771,197083,613.0,,,7078,10778,1287,2880,2465,4094,378,283
2016-12-25,,145694,2.122,97.02,197231,469.0,,,7083,10788,1288,2880,2465,4094,378,277
2016-12-26,,145871,2.313,88.854,197415,452.0,,,7089,10800,1289,2882,2465,4094,378,272
2016-12-27,,146054,2.449,92.327,197582,479.0,,,7092,10810,1289,2889,2466,4094,378,270
2016-12-28,,146308,2.388,102.265,197788,586.0,,,7099,10826,1290,2889,2470,4094,378,271
2016-12-29,,146571,2.167,109.542,198007,628.0,,,7110,10838,1290,2891,2471,4098,378,265
2016-12-30,,146794,2.104,114.375,198184,550.0,,,7116,10854,1290,2894,2473,4098,378,252
2016-12-31,,146972,2.061,117.776,198319,475.0,,,7118,10865,1291,2897,2475,4099,378,197
2017-01-01,,147109,2.313,116.229,198468,552.0,,,7124,10874,1290,2897,2475,4099,378,184
2017-01-02,,147435,2.021,102.25,199147,717.0,,,7128,10884,1290,2898,2477,4100,378,175
2017-01-03,,147827,1.932,134.409,199477,737.0,,,7131,10894,1292,2901,2478,4101,378,173
2017-01-04,,148243,2.318,155.364,199840,879.0,,,7135,10912,1295,2903,2482,4103,378,172
2017-01-05,,148767,2.143,158.776,200365,1173.0,,,7141,10927,1295,2904,2484,4114,378,201
2017-01-06,,149254,2.354,161.958,200860,1789.0,,,7146,10945,1298,2906,2486,4121,378,222
2017-01-07,,149701,2.25,129.458,201219,1562.0,,,7156,10957,1298,2907,2486,4125,378,220
2017-01-08,,150062,2.163,141.245,201436,750.0,,,7161,10971,1301,2907,2486,4126,378,220
2017-01-09,,150383,2.128,141.255,201645,630.0,,,7166,10977,1301,2910,2486,4127,378,219
2017-01-10,,150687,2.064,112.957,201838,658.0,,,7177,10990,1304,2910,2488,4130,378,222
2017-01-11,,150966,2.469,125.347,202104,735.0,,,7185,11002,1305,2911,2488,4131,378,226
2017-01-12,,151335,2.604,118.479,202402,778.0,,,7198,11007,1306,2912,2489,4134,378,223
2017-01-13,,151603,2.063,117.563,202551,664.0,,,7208,11025,1306,2916,2495,4142,378,229
2017-01-14,,151827,1.796,107.918,202708,540.0,,,7214,11035,1306,2919,2496,4142,378,261
2017-01-15,,152036,2.02,91.918,202872,498.0,,,7217,11042,1305,2919,2496,4147,379,264
2017-01-16,,152236,2.422,100.644,203056,520.0,,,7221,11058,1309,2922,2498,4150,379,276
2017-01-17,,152464,2.348,125.543,203253,581.0,,,7231,11075,1311,2923,2498,4151,379,272
2017-01-18,,152686,2.125,113.042,203412,647.0,,,7241,11087,1311,2924,2500,4154,379,257
2017-01-19,,152894,2.349,126.0,203509,611.0,,,7248,11094,1313,2924,2499,4155,379,256
2017-01-20,,153110,2.279,134.349,203629,484.0,,,7260,11110,1315,2927,2499,4160,380,273
2017-01-21,,153269,1.939,107.714,203731,426.0,,,7267,11130,1316,2930,2502,4163,380,274
2017-01-22,,153399,2.122,108.061,,,,,7274,11134,1318,2930,2503,4163,380,268
2017-01-23,,153548,2.245,123.327,203993,511.0,,,7280,11140,1315,2931,2504,4165,380,271
2017-01-24,,153732,2.224,135.041,204158,517.0,,,7282,11151,1317,2933,2511,4169,380,280
2017-01-25,,153924,2.313,148.917,204274,543.0,,,7288,11157,1316,2933,2512,4172,381,283
2017-01-26,,154101,2.208,161.604,204371,523.0,,,7292,11169,1316,2936,2513,4173,381,286
2017-01-27,,154274,2.102,132.633,,,,,7296,11180,1317,2940,2519,4180,381,284
2017-01-28,,154399,2.02,101.143,204562,410.0,,,7298,11187,1317,2941,2521,4182,381,284
2017-01-29,,154540,2.163,96.082,204682,393.0,,,7305,11195,1317,2942,2521,4182,381,283
2017-01-30,,154642,2.354,102.25,204794,455.0,,,7306,11200,1319,2942,2522,4183,381,284
2017-01-31,,154753,2.313,106.792,204955,532.0,,,7309,11206,1318,2944,2525,4190,381,304
2017-02-01,,154938,2.188,103.583,205126,557.0,,,7316,11216,1321,2945,2525,4190,381,287
2017-02-02,,155130,2.356,109.4,205337,580.0,,,7325,11228,1321,2950,2529,4192,381,231
2017-02-03,,155347,2.478,127.217,,,,,7331,11236,1321,2950,2529,4197,381,221
2017-02-04,,155535,2.333,145.042,205574,563.0,,,7338,11247,1323,2952,2531,4197,381,217
2017-02-05,,155734,2.354,153.958,205717,533.0,,,7341,11252,1326,2958,2532,4200,381,224
2017-02-06,,155905,2.292,142.083,205862,552.0,,,7345,11268,1327,2958,2532,4200,381,226
2017-02-07,,156060,2.271,126.771,205929,573.0,,,7347,11280,1326,2960,2533,4206,381,236
2017-02-08,,156222,2.903,194.387,206211,589.0,,,7354,11293,1332,2963,2538,4206,381,224
2017-02-09,,156408,2.205,174.897,206428,646.0,,,7358,11296,1334,2964,2538,4211,381,214
2017-02-10,,156648,2.064,173.234,206557,629.0,,,7366,11309,1332,2965,2541,4212,381,195
2017-02-11,,156823,1.771,125.833,206673,529.0,,,7380,11328,1328,2965,2541,4214,381,193
2017-02-12,,157015,2.104,106.854,206795,468.0,,,7386,11336,1331,2967,2543,4217,381,186
2017-02-13,,157243,2.583,102.917,206921,472.0,,,7393,11343,1333,2968,2543,4217,381,181
2017-02-14,,157428,2.542,117.917,207051,466.0,,,7399,11358,1332,2970,2543,4217,381,176
2017-02-15,,157637,2.521,126.813,207207,476.0,,,7407,11369,1334,2971,2546,4222,381,193
2017-02-16,,157782,2.604,114.021,207332,498.0,,,7416,11378,1331,2973,2547,4225,381,198
2017-02-17,,157980,2.354,106.792,207418,500.0,,,7426,11388,1326,2975,2548,4230,382,187
2017-02-18,,158171,2.292,108.646,207507,511.0,,,7431,11403,1329,2977,2549,4234,382,208
2017-02-19,,158349,2.681,118.426,207631,495.0,,,7437,11411,1329,2978,2550,4241,383,218
2017-02-20,,158538,2.936,122.787,207781,482.0,,,7443,11424,1330,2982,2552,4243,383,214
2017-02-21,,158757,2.729,123.313,207989,642.0,,,7450,11433,1330,2985,2552,4248,383,226
2017-02-22,,158986,2.208,127.25,208155,695.0,,,7463,11456,1331,2987,2557,4252,384,235
2017-02-23,,159183,2.438,149.813,208324,700.0,,,7465,11470,1332,2989,2557,4259,385,244
2017-02-24,,159483,2.25,141.458,208522,828.0,,,7467,11480,1334,2994,2557,4264,385,256
2017-02-25,,159728,1.792,133.542,208688,724.0,,,7471,11491,1335,2996,2558,4269,385,260
2017-02-26,,159945,2.021,150.0,208750,567.0,,,7480,11498,1336,2998,2559,4270,385,257
2017-02-27,,160141,2.383,158.511,208874,578.0,,,7484,11509,1335,3002,2561,4270,385,255
2017-02-28,,160398,2.622,165.756,209011,606.0,,,7491,11522,1334,3006,2562,4272,385,252
2017-03-01,,160638,2.556,151.133,209154,627.0,,,7498,11538,1334,3009,2569,4283,386,280
2017-03-02,,160909,2.333,141.333,209343,694.0,,,7503,11555,1333,3011,2570,4289,387,293
2017-03-03,,161314,2.064,144.0,,,,,7507,11565,1335,3012,2571,4291,387,281
2017-03-04,,161617,2.063,138.479,209671,639.0,,,7513,11573,1338,3012,2572,4296,387,300
2017-03-05,,161887,2.396,150.771,209794,575.0,,,7518,11586,1341,3017,2573,4296,387,296
2017-03-06,,162177,2.646,162.0,210002,614.0,,,7525,11593,1342,3019,2574,4298,387,299
2017-03-07,,162468,2.521,246.396,210241,1189.0,,,7529,11607,1339,3022,2577,4305,387,313
2017-03-08,,162746,2.104,260.271,210528,1387.0,,,7536,11617,1343,3026,2582,4307,387,334
2017-03-09,,163012,2.0,221.354,210733,894.0,,,7540,11632,1331,3030,2585,4310,387,328
2017-03-10,,163352,2.542,244.542,211004,1105.0,,,7545,11645,1329,3033,2587,4314,388,358
2017-03-11,,163906,2.25,187.25,211233,1274.0,,,7547,11656,1328,3034,2589,4315,388,334
2017-03-12,,164174,1.958,134.042,211381,841.0,,,7548,11666,1330,3036,2589,4316,388,333
2017-03-13,,164471,2.354,158.854,211519,674.0,,,7553,11674,1330,3036,2591,4317,388,334
2017-03-14,,164726,2.5,242.521,211639,791.0,,,7563,11682,1329,3038,2591,4321,388,341
2017-03-15,,164989,2.146,283.792,211716,772.0,,,7580,11703,1330,3039,2591,4325,388,354
2017-03-16,,165245,2.146,260.146,211766,706.0,,,7587,11724,1335,3045,2592,4325,388,345
2017-03-17,,165513,3.229,277.514,211957,710.0,,,7602,11750,1336,3050,2594,4325,388,349
2017-03-18,,165820,2.5,272.429,212173,858.0,,,7606,11756,1337,3050,2593,4334,390,328
2017-03-19,,166167,2.292,254.396,212320,824.0,,,7614,11767,1338,3056,2595,4339,390,339
2017-03-20,,166460,2.292,285.604,212422,782.0,,,7622,11784,1337,3057,2597,4341,391,337
2017-03-21,,166756,2.277,277.468,212569,745.0,,,7633,11804,1342,3056,2597,4344,391,339
2017-03-22,,167033,2.25,236.875,212712,734.0,,,7645,11826,1347,3058,2598,4346,391,325
2017-03-23,,167289,1.979,213.979,212848,694.0,,,7659,11841,1346,3058,2598,4348,391,312
2017-03-24,,167484,2.13,212.565,213020,677.0,,,7668,11859,1348,3061,2598,4350,391,300
2017-03-25,,167785,2.396,227.083,213180,752.0,,,7679,11873,1351,3063,2600,4352,391,300
2017-03-26,,167988,2.311,210.844,213236,735.0,,,7692,11899,1352,3064,2601,4356,392,306
2017-03-27,,168193,2.25,202.341,213339,692.0,,,7709,11918,1354,3066,2601,4356,392,302
2017-03-28,,168392,2.417,201.083,213365,656.0,,,7717,11932,1357,3067,2602,4363,392,288
2017-03-29,,168590,2.479,196.771,213471,594.0,,,7730,11944,1359,3069,2603,4366,392,273
2017-03-30,,168819,2.283,184.652,213580,550.0,,,7741,11960,1359,3069,2604,4372,393,302
2017-03-31,,169012,2.234,131.702,213664,501.0,,,7755,11967,1362,3070,2605,4373,393,305
2017-04-01,,169243,2.292,114.042,213756,501.0,,,7760,11979,1364,3072,2606,4381,394,304
2017-04-02,,169462,2.313,117.229,213871,531.0,,,7768,11989,1366,3072,2606,4382,394,303
2017-04-03,,169743,2.667,132.667,214006,572.0,,,7779,12000,1365,3075,2607,4388,394,311
2017-04-04,,169978,2.66,152.468,214167,605.0,,,7795,12012,1367,3075,2609,4391,394,297
2017-04-05,,170282,2.426,134.553,214318,552.0,,,7803,12019,1368,3076,2610,4392,394,291
2017-04-06,,170503,2.34,142.17,214424,601.0,,,7814,12036,1370,3076,2611,4399,394,300
2017-04-07,,170773,2.021,178.936,214447,647.0,,,7818,12043,1370,3077,2611,4401,394,284
2017-04-08,,170980,2.188,159.792,214536,526.0,,,7823,12049,1373,3078,2612,4404,394,296
2017-04-09,,171158,2.596,127.596,214595,484.0,,,7828,12066,1375,3079,2613,4405,394,297
2017-04-10,,171355,2.489,123.511,214684,546.0,,,7835,12071,1377,3079,2613,4405,394,295
2017-04-11,,171589,2.5,124.273,214792,555.0,,,7847,12083,1377,3080,2617,4411,395,307
2017-04-12,,171801,2.591,107.727,214847,500.0,,,7852,12091,1378,3081,2617,4412,395,306
2017-04-13,,172009,2.229,104.188,214863,541.0,,,7853,12099,1380,3081,2617,4412,395,306
2017-04-14,,172214,2.396,130.042,214958,524.0,,,7861,12109,1380,3082,2617,4418,396,310
2017-04-15,,172459,2.292,117.979,215005,444.0,,,7873,12114,1383,3085,2618,4419,396,305
2017-04-16,,172670,2.184,90.633,215070,430.0,,,7875,12123,1384,3086,2618,4419,396,294
2017-04-17,,172874,2.327,84.143,215191,470.0,,,7880,12132,1390,3087,2619,4419,396,290
2017-04-18,,173142,2.375,104.125,215319,516.0,,,7887,12143,1390,3087,2621,4421,396,289
2017-04-19,,173413,2.458,116.438,,,,,7894,12151,1387,3087,2621,4427,397,287
2017-04-20,,173626,2.521,107.604,215568,476.0,,,7897,12164,1387,3088,2620,4429,397,286
2017-04-21,,173872,2.396,112.188,215663,479.0,,,7906,12172,1389,3090,2620,4432,397,307
2017-04-22,,174098,2.388,108.878,215756,433.0,,,7912,12182,1390,3091,2620,4440,398,294
2017-04-23,,174288,2.354,85.563,215869,405.0,,,7925,12187,1391,3092,2621,4440,398,291
2017-04-24,,174532,2.188,86.375,215943,460.0,,,7937,12195,1392,3094,2624,4443,399,293
2017-04-25,,174758,2.143,100.184,216057,541.0,,,7943,12212,1395,3096,2624,4443,399,287
2017-04-26,,175036,1.898,110.776,216213,585.0,,,7953,12227,1393,3096,2627,4449,400,283
2017-04-27,,175324,1.813,114.896,216426,596.0,,,7961,12237,1393,3096,2628,4451,401,283
2017-04-28,,175637,1.896,104.896,216567,548.0,,,7973,12252,1395,3099,2629,4453,401,272
2017-04-29,,175890,2.184,101.388,216680,484.0,,,7986,12264,1398,3101,2629,4453,401,256
2017-04-30,,176167,2.286,117.02,216809,466.0,,,7990,12273,1398,3101,2629,4454,401,255
2017-05-01,,176416,2.25,135.75,217056,602.0,,,7991,12280,1398,3102,2629,4454,401,237
2017-05-02,,176761,2.444,163.533,217396,800.0,,,8002,12298,1400,3104,2630,4460,402,233
2017-05-03,,177104,2.109,142.891,217662,735.0,,,8005,12301,1401,3106,2630,4465,402,248
2017-05-04,,177576,2.327,148.163,218060,770.0,,,8002,12318,1405,3110,2634,4475,403,244
2017-05-05,,178139,2.167,165.979,218447,876.0,,,8006,12334,1405,3111,2635,4475,403,236
2017-05-06,,178597,2.265,164.612,218769,749.0,,,8015,12350,1402,3111,2635,4475,403,216
2017-05-07,,178987,2.417,150.042,219375,868.0,,,8021,12364,1404,3112,2635,4477,403,220
2017-05-08,,179474,2.208,144.458,219746,893.0,,,8026,12372,1404,3112,2635,4479,403,228
2017-05-09,,180046,2.143,154.612,220297,873.0,,,8038,12382,1403,3115,2636,4480,404,211
2017-05-10,,180636,2.167,176.792,220734,930.0,,,8051,12394,1404,3116,2636,4484,404,229
2017-05-11,,181231,2.122,170.143,221256,815.0,,,8065,12424,1405,3116,2636,4490,404,228
2017-05-12,,181838,1.939,164.592,221615,820.0,,,8074,12437,1409,3117,2636,4492,404,228
2017-05-13,,182443,2.06,153.94,221995,754.0,,,8083,12450,1407,3119,2636,4495,404,220
2017-05-14,,182915,2.224,137.184,222285,653.0,,,8094,12476,1409,3120,2636,4495,404,220
2017-05-15,,183396,2.184,144.878,222623,662.0,,,8111,12504,1407,3123,2636,4496,404,222
2017-05-16,,183948,2.313,156.333,222976,1111.0,,,8128,12535,1409,3126,2639,4496,404,219
2017-05-17,,184658,2.24,177.1,223335,2351.0,,,8137,12568,1404,3127,2639,4500,405,215
2017-05-18,,185321,1.242,116.176,223719,3349.0,,,8150,12598,1408,3129,2640,4507,405,245
2017-05-19,,,0.803,67.631,224066,3768.0,,,8167,12627,1406,3129,2647,4509,405,239
2017-05-20,,186541,0.944,70.254,224422,3930.0,,,8178,12642,1407,3130,2647,4512,407,228
2017-05-21,,187154,1.684,120.93,224985,3509.0,,,8186,12658,1411,3132,2651,4512,407,224
2017-05-22,,187873,1.94,167.02,225811,3726.0,,,8200,12682,1414,3132,2653,4512,407,219
2017-05-23,,,1.551,174.333,226870,5002.0,,,8215,12707,1416,3134,2654,4516,407,227
2017-05-24,,190398,0.0,0.0,227881,5255.0,,,,,,,,,,
2017-05-25,,191793,1.346,228.487,229508,5342.0,,,8241,12762,1418,3134,2656,4524,407,226
2017-05-26,,193380,1.831,250.288,230517,5188.0,,,8259,12807,1419,3137,2660,4524,407,223
2017-05-27,,194491,1.98,229.14,231514,5886.0,,,8282,12839,1427,3137,2660,4524,407,221
2017-05-28,,195338,2.02,191.14,232209,5583.0,,,8302,12876,1427,3140,2662,4526,407,220
2017-05-29,,196143,2.042,181.688,232778,3722.0,,,8309,12891,1429,3140,2662,4526,407,219
2017-05-30,,196958,2.167,227.271,233367,3632.0,,,8317,12914,1430,3142,2663,4526,407,208
2017-05-31,,197734,2.143,267.735,233929,4388.0,,,8337,12943,1438,3142,2664,4527,407,195
2017-06-01,,198624,2.082,233.837,234503,4384.0,,,8356,12980,1439,3148,2668,4533,407,190
2017-06-02,,199382,2.146,198.333,234976,3910.0,,,8375,13012,1444,3152,2671,4541,407,233
2017-06-03,,200058,2.102,179.306,235480,3385.0,,,8391,13046,1445,3154,2672,4546,407,236
2017-06-04,,200784,1.98,153.367,235922,2834.0,,,8406,13075,1450,3154,2672,4547,407,229
2017-06-05,,201591,2.229,160.563,236554,3288.0,,,8417,13107,1456,3156,2672,4547,407,226
2017-06-06,,202562,2.313,171.688,237671,4529.0,,,8433,13140,1455,3156,2673,4556,408,239
2017-06-07,,203707,2.0,187.708,238523,4558.0,,,8452,13172,1455,3157,2674,4560,408,245
2017-06-08,,204621,1.857,177.245,239186,3620.0,,,8464,13218,1450,3157,2675,4564,408,249
2017-06-09,,205512,2.125,173.042,239639,3451.0,,,8486,13246,1457,3158,2676,4568,408,247
2017-06-10,,206331,2.208,169.375,240163,3286.0,,,8495,13270,1456,3159,2676,4569,408,247
2017-06-11,,207022,2.102,163.531,240830,3298.0,,,8502,13283,1458,3160,2676,4570,408,246
2017-06-12,,208038,2.396,205.792,241701,4172.0,,,8510,13319,1461,3162,2676,4575,408,255
2017-06-13,,209242,2.128,221.83,242420,4392.0,,,8522,13356,1500,3162,2678,4578,408,275
2017-06-14,,210261,1.958,223.646,243097,4086.0,,,8538,13386,1499,3162,2678,4583,408,286
2017-06-15,,211293,2.265,252.041,244111,4866.0,,,8554,13419,1503,3163,2678,4588,408,268
2017-06-16,,212372,2.082,257.857,,,,,8566,13447,1506,3167,2679,4590,408,266
2017-06-17,,213303,2.082,211.918,245158,3693.0,,,8582,13480,1512,3173,2680,4590,408,267
2017-06-18,,214121,2.122,159.898,245860,3272.0,,,8599,13508,1517,3174,2681,4594,408,267
2017-06-19,,,2.442,167.628,246391,3117.0,,,8612,13536,1522,3177,2683,4596,408,275
2017-06-20,,215943,2.667,226.238,247056,3960.0,,,8639,13564,1522,3178,2683,4597,408,267
2017-06-21,,216930,2.319,228.383,247802,4224.0,,,8652,13602,1526,3178,2683,4597,408,264
2017-06-22,,218015,2.188,173.5,248415,3781.0,,,8666,13634,1530,3182,2684,4601,408,262
2017-06-23,,218996,2.362,153.17,249000,3563.0,,,8682,13669,1536,3182,2684,4605,408,281
2017-06-24,,219699,2.292,142.167,249547,3308.0,,,8692,13709,1540,3184,2684,4609,409,272
2017-06-25,,220428,2.245,133.0,250041,3209.0,,,8705,13735,1544,3186,2685,4614,410,292
2017-06-26,,221236,2.333,130.167,250768,3362.0,,,8706,13763,1543,3186,2686,4614,410,293
2017-06-27,,222189,2.143,128.776,251433,3582.0,,,8721,13807,1545,3188,2687,4616,410,298
2017-06-28,,223094,2.224,131.224,251974,3439.0,,,8741,13842,1549,3190,2689,4619,410,301
2017-06-29,,224012,2.333,121.354,252500,3415.0,,,8764,13883,1546,3192,2691,4622,410,300
2017-06-30,,224790,2.479,123.979,252874,3505.0,,,8787,13908,1550,3193,2695,4627,410,287
